,ticker,winrate_4y,return_4y,buyhold_4y,winrate_1y,return_1y,buyhold_1y,winrate_td,return_td,buyhold_td
1,MSFT,60.31,2.8859999999999784,2.55415398467772,57.93,1.0339716666800953,1.6188126810857226,50.0,1.2649693795886057,1.0931999080025965
2,AAPL,56.48,2.787999999999988,2.3179908530372804,54.14,0.9897739530829055,1.4691357905425697,46.15,1.2363280407451502,0.9354681172882039
3,NVDA,59.61,5.3559999999999945,14.874570392094052,56.43,1.2483831863666923,3.2658483608104985,55.88,1.626612289636502,1.8454455230214641
4,AMZN,61.77,3.7849999999999846,1.8640298839426381,63.27,1.0720227955775479,1.7609818387432377,65.52,1.609297998055868,1.1770054459704034
5,META,61.26,4.231999999999978,2.454545487783645,56.39,1.1236444769048157,2.837582151008559,62.07,1.3518778256270698,1.4790781997828368
6,GOOGL,58.14,2.8879999999999804,1.9862360228343905,57.55,1.091891196097038,1.5686875033673104,59.38,1.4289368289138098,0.9733299605536353
7,GOOG,58.84,3.082999999999984,2.002146184332541,57.55,1.1109898411739145,1.5732160861111049,63.33,1.4594000415783417,0.9704474567036211
8,AVGO,60.45,3.5259999999999794,4.193640680313049,59.03,1.1450528048177984,1.9373483217946412,65.52,1.7190012953620633,1.244686306452102
9,TSLA,58.54,5.298999999999983,5.964312031227458,54.11,1.099937529128809,2.1860260427947003,53.85,1.3923024138100146,0.7387292772107662
10,LLY,63.64,3.358999999999982,5.740380576906575,65.25,0.9473917405035492,1.6309556658013435,46.67,1.5017583365423937,1.224558779660521
11,JPM,53.62,2.010999999999982,1.362368123535089,53.33,0.9977482653753593,1.2617685560204972,45.45,1.1435069747669167,1.1000408521944094
12,UNH,54.55,2.2749999999999844,1.667817847776166,53.78,0.9745881458013441,1.0690585269682236,41.38,1.2037408348758434,0.8909100378126752
13,V,53.42,1.938999999999984,1.4766090658128612,51.11,0.9755673705430059,1.2175814607687068,35.0,0.9960530247482755,1.085220078952016
14,XOM,56.97,3.0179999999999887,1.534906784270495,52.0,1.0348525228816299,0.9582475276426278,45.0,1.2214984737217311,1.0458244106917367
15,JNJ,53.55,1.7129999999999845,1.1089569346374304,57.02,0.9796645725792619,0.8880808132147396,43.48,1.2102743308810777,0.9939759207456776
16,MA,56.77,2.4799999999999827,1.5647904563872785,51.8,1.0270646399795869,1.1879206585919464,53.85,1.1017544589855417,1.1225971241607156
17,PG,56.19,2.229999999999986,1.312041111344719,54.78,0.9807391926129339,0.9770742276008377,45.45,1.1306307352593299,1.0878652990728923
18,HD,57.43,2.381999999999981,1.7053396911971708,56.15,1.0341494985304065,1.0792855681821543,66.67,1.3432116636628884,1.1037367567103304
19,COST,60.84,2.6659999999999866,2.5013709529532626,59.85,1.0590323411975406,1.425113956310988,68.18,1.388746676195158,1.13190056123487
20,MRK,53.58,1.9239999999999853,1.4219126382177325,55.45,0.9512390893026497,1.010349714612455,43.48,1.208479255539224,1.0787383851488914
21,ABBV,55.91,2.060999999999983,2.030552500643811,54.69,0.9786408233211703,0.9763577795866134,52.94,1.2780629355108728,1.1224603831129356
22,ADBE,60.26,3.6039999999999828,1.6645671058379894,60.43,1.1257554465316688,1.6990422105449174,63.33,1.5899389819435537,0.9659490871625702
23,CRM,62.5,3.663999999999975,1.8340254746574347,52.59,1.1430562966860447,1.8348736413949456,70.37,1.032569667967696,1.2101334744173529
24,AMD,61.62,5.665999999999982,4.258642134133236,60.42,1.3024612315941049,2.1432105472066696,59.26,2.0611188914392224,1.5294855898493651
25,CVX,51.69,2.397999999999989,1.2341955496817576,49.32,1.025005514979958,0.8683629386403261,43.75,1.151870772886829,0.9804372369742101
26,NFLX,64.55,5.306999999999986,1.8521632599628566,62.32,1.0525114917013223,1.5141721161401898,47.83,1.762933903370552,1.2835877654534742
27,WMT,57.55,1.9809999999999839,1.5305370103146325,61.39,0.9823575652796146,1.1080273429104104,43.48,1.1478859062598263,1.1326742407926065
28,BAC,55.9,2.515999999999985,1.0228079537199637,55.56,1.039946484548766,0.9929701854698246,62.5,1.3644041074752122,1.0645988799602444
29,PEP,50.3,1.5409999999999873,1.2051905981652102,52.99,1.0185320796609663,0.9661395903377089,50.0,1.114910979916531,0.9451287053956119
30,KO,51.92,1.6159999999999841,1.090510164330522,53.15,0.9887414049489014,0.9507311099120291,33.33,1.06424327210011,0.9946631137473267
31,ACN,56.98,2.4589999999999796,1.8067683128921566,56.85,1.0802448942276914,1.2880374921833688,71.43,1.1492555512987543,1.12174473986773
32,MCD,53.03,1.3719999999999841,1.4554178805581843,58.04,0.9764250281874867,1.1234917814120153,45.83,1.1767123199582243,0.9891640263505005
33,TMO,55.65,2.4099999999999855,1.8513413383756692,48.23,1.0735243766288391,0.968376354220286,63.16,1.02977924560274,1.1301577401318785
34,CSCO,55.05,1.8549999999999833,1.042620170769969,55.73,1.002893689636916,1.06225024462599,42.31,1.0978392778139259,0.9831716788286107
35,ABT,58.78,2.5739999999999803,1.410874387778614,63.41,1.0083179234213118,0.9877708783243624,52.17,1.3250286585224194,1.1064646093818844
36,LIN,47.9,1.0319999999999863,2.2628862097667994,48.03,0.957427400146406,1.292988606173131,21.74,1.0714242964134446,1.1364537708821336
37,CMCSA,59.89,2.3729999999999896,0.9436791836937407,60.63,1.1174093061200914,1.1934954355515814,76.47,1.2388487907789831,0.9807203215725396
38,INTC,61.77,4.208999999999984,0.7678869001261452,66.43,1.0387498336198568,1.8799102454378833,53.33,2.147894028562742,0.9654812188803895
39,WFC,60.51,4.173999999999975,1.0732871780179742,59.85,1.1538025701456682,1.156623682677304,73.08,1.4168682946526943,1.1777937289449167
40,VZ,56.29,2.0439999999999845,0.6569519887519485,61.65,1.0649162833254302,0.9452954062346415,61.9,1.352243908721722,1.0132763349760106
41,ORCL,56.18,2.5409999999999826,2.0820313206807333,57.81,1.0520007292756768,1.2317707554879394,53.85,1.358593886747823,1.092426325447218
42,INTU,62.54,4.188999999999982,2.45748547535069,55.56,1.0883749229101625,1.541895442634639,64.29,1.341137666469483,1.0990797541578223
43,DIS,59.39,2.795999999999984,0.753686013075272,64.23,1.1312070649264219,0.9861926046302409,75.0,1.4571267690761576,1.2047463074438665
44,AMGN,57.68,2.419999999999982,1.1490753034385544,63.48,1.0897492109630167,1.1248156063831702,61.9,1.413062294279404,0.9113039568619132
45,IBM,59.05,2.4499999999999775,1.518039123062476,57.75,1.1364832224430126,1.1325385209504448,75.0,1.1516585594917128,1.217770074361099
46,QCOM,57.28,3.469999999999983,1.9757723315639248,48.98,1.1293212740816503,1.257329841857487,60.61,1.2358906399168292,1.2495035903618572
47,DHR,54.98,2.2329999999999828,1.8672917369639994,51.08,1.0135167869300288,0.9942677999895062,62.5,0.9506821334518007,1.1055846600015709
48,NOW,63.33,4.543999999999974,2.5845756762012693,56.13,1.0317740239677384,1.7456392252804718,54.84,1.5494787632478206,1.1141270675512682
49,CAT,60.99,3.261999999999989,2.28469421362551,59.85,1.041093829496368,1.2127526960344408,68.0,1.5929715618093723,1.1928949321496418
50,PFE,61.02,2.9949999999999872,0.7355095050656779,70.83,1.075011833272181,0.5930580273046482,56.52,1.4313128318339894,0.9137706467445286
51,UNP,57.92,2.098999999999982,1.3807603342297106,61.87,1.0235396414765146,1.1634008138263703,50.0,1.2499525567510201,1.0338849919106952
52,TXN,59.34,2.473999999999982,1.3584864856478167,51.72,1.074169584734086,1.0005319875797407,69.23,1.2245091324323978,1.0416366162606854
53,SPGI,56.51,2.439999999999987,1.546170193327218,54.79,0.9704693219526201,1.2774135615180855,48.0,1.1563710649901124,0.9960219803811708
54,GE,64.25,3.916999999999983,2.2506458094364366,70.99,1.1046955420808962,1.794159578683514,76.92,1.656906827577405,1.3561582978246078
55,PM,56.82,2.5479999999999845,1.0913818975452065,53.96,0.9776133767698361,0.9439888806646821,38.1,1.1606764969610825,0.9725445734311248
56,AMAT,61.45,4.524999999999982,3.4734521122429665,55.56,1.1132172590845215,1.6754884906411158,59.38,1.5663962316129179,1.3772754248579986
57,UBER,65.03,5.634999999999977,2.5087661728658532,67.46,1.1537113323381973,2.253184153296945,63.64,1.818958364402122,1.3510729089826985
58,HON,57.4,2.3019999999999827,1.127250332266401,55.81,0.9525332109154467,0.9950485939850701,43.48,1.175891294730985,0.9857722403584939
59,ISRG,61.02,3.7809999999999815,1.9859186789397387,60.15,1.0036794649834975,1.225851892541956,47.83,1.4438264557081188,1.2193058328713333
60,COP,55.42,3.32599999999998,1.7146880367139952,54.17,1.0289288147185394,1.0374977954589821,57.14,1.253701572916246,0.9393396022065635
61,RTX,57.3,2.7599999999999865,0.9389969340040478,55.2,0.9875763098425154,0.8451011931332422,55.0,1.1738964766094684,1.0585212253301244
62,T,62.85,2.95499999999998,0.5855632222015908,64.06,1.1103025765849361,0.9012539472352015,56.67,1.5922059914638123,1.0026117282350262
63,GS,57.55,2.8179999999999845,1.6756843838306912,58.78,0.981040504110386,1.1167672538411157,44.44,1.4741487412378436,1.0164095025816324
64,NKE,56.74,2.455999999999978,0.96565934004239,54.9,1.0824546678630567,0.8790529152425939,65.22,1.2561932520712173,0.9459822885704794
65,LOW,59.48,2.9129999999999856,2.0260033499166346,58.46,1.0570302823967972,1.0857043277180878,70.0,1.448542441048044,1.1415178436967228
66,BKNG,58.89,3.5039999999999867,1.6781910511398896,57.97,1.103658530740439,1.649210664708396,63.64,1.2685560159076616,1.0167191215930256
67,NEE,60.19,3.5209999999999892,0.967792920866876,59.13,1.0949139028845112,0.7287253077470639,61.9,1.5607983904441625,0.9379738487402115
68,BA,63.23,5.08999999999998,0.6014845174378296,62.41,1.165873873314105,1.2362993285278587,62.5,1.5270794174478102,0.820589524379467
69,PLD,58.9,3.069999999999988,1.5118582077998204,58.82,0.9829264787138987,1.1509917593275643,45.83,1.4791758751290964,1.0354351811875924
70,MDT,54.97,2.4119999999999875,0.7542149759497869,53.68,0.9931716410320868,1.0230949127948064,50.0,1.3071320346324855,1.0323317612989777
71,ELV,62.71,3.3239999999999785,1.7121732322769232,69.57,0.8670920968592459,0.986383454523943,33.33,1.3093897180361735,1.0578992442915378
72,AXP,60.16,3.321999999999981,1.7979133789394788,54.3,1.062693387660543,1.2508968111926984,58.33,1.2550584540711252,1.2023400357785503
73,SYK,53.09,2.5759999999999845,1.7137029155433763,43.08,0.9772272016946846,1.173234601534944,47.83,1.0754895169770582,1.2219329958826082
74,VRTX,64.29,3.1809999999999845,1.8954033019549774,64.29,1.075725059999785,1.4325908130201104,58.33,1.5387041307127558,1.0059653094835879
75,MS,55.93,2.64599999999998,1.7017577334976535,55.94,1.0732586231874732,1.0836699350528542,70.0,1.3428165872330284,0.947992533802259
76,LRCX,63.4,5.595999999999989,3.2741524224032927,54.79,1.1011026841233793,1.7736590516232233,50.0,1.7116474551767311,1.3092966698887787
77,TJX,58.85,2.5799999999999814,1.5708686203721647,55.37,1.0246908023817012,1.1680440529223561,72.22,1.0835534687330721,1.0490730659733818
78,BLK,56.8,2.8529999999999824,1.6627380115922799,56.13,0.9862007942610176,1.1086022450858626,43.48,1.2358964176820963,1.0677867329041244
79,C,56.2,2.59799999999998,0.7215182342536279,53.96,1.0378980983505768,1.1294719324870055,47.83,1.2767287286850184,1.0720544690985339
80,SBUX,59.28,2.8609999999999784,1.0257232464889585,60.58,1.0138606877021559,0.896706863774698,70.0,1.4089696266132652,0.9773141111551105
81,DE,58.14,3.161999999999983,2.1349758297482495,63.45,1.0201965960429038,0.9467034883850813,44.0,1.5236011418123216,0.9528282893406178
82,PANW,58.36,3.551999999999987,3.5482410272631566,64.29,1.1535263672601643,2.0854628802458146,60.71,1.7219705945918822,0.9777986670784397
83,PGR,59.0,2.5119999999999822,2.645317638735233,62.88,0.9216453299704672,1.2315604855047906,50.0,1.5181488986932576,1.2048783986622165
84,UPS,59.01,3.037999999999984,1.3145990476068463,62.5,1.1078522312772954,0.8940206413653872,64.0,1.4979669073594537,0.9739749205315763
85,MDLZ,54.46,1.8409999999999846,1.3299225646017625,60.17,1.0242193488419402,1.1065486681144947,52.0,1.3337864638999317,0.9843750455494018
86,ADP,53.64,2.083999999999983,1.4261002312789184,58.06,0.9365688259630875,0.9775525561698918,39.13,1.357655026366436,1.042449832734766
87,REGN,60.66,2.801999999999987,2.6280473867319296,61.16,0.9507440515309962,1.2457157182689267,50.0,1.3842776566039143,1.0573368340942773
88,CB,58.05,2.5679999999999836,1.5978303094914996,62.31,0.9926006411568031,1.0131462223140348,41.67,1.4014755204390466,1.0993772343804147
89,BMY,56.21,2.175999999999984,0.8595890602403782,60.91,1.0021602510225107,0.7265215687976057,38.1,1.3383871863093741,1.0318355820232499
90,ETN,55.7,2.6309999999999842,3.128993205381433,59.59,1.0596520290640052,1.504218504465804,66.67,1.578453651575587,1.277370214870714
91,GILD,55.51,2.139999999999986,1.1523743808518259,59.13,1.0698110134793581,0.9735672264768366,56.52,1.2646557775865352,0.8982390703764094
92,ADI,59.77,2.942999999999983,1.662644817273708,58.9,1.007455132891936,1.1667771536265994,53.57,1.29022171316599,1.0410007265205352
93,MMC,53.97,2.141999999999985,1.8335717235046802,54.4,0.9792449860568109,1.1238696922370632,36.0,1.181021500329794,1.0722349547165224
94,CVS,59.75,2.704999999999983,1.0220198824697835,63.25,1.0409870321709485,0.8789953851205909,57.14,1.3940228609088834,0.9296489242675974
95,LMT,59.05,2.532999999999988,1.0439165027713213,57.38,0.9945108088891805,0.9572297903823452,52.38,1.1805690474131412,0.9407344664914171
96,MU,57.01,3.799999999999978,1.7949752327993738,54.68,1.0605698395311407,1.519188102930666,52.94,1.3778279848657888,1.1898856638894721
97,SCHW,57.36,3.4949999999999886,1.4399086160470955,58.96,1.0091833514735913,0.8290341900315161,50.0,1.6945596967897054,1.0095465852743246
98,BSX,59.63,2.904999999999988,1.5043352957793994,53.23,0.9695892309292864,1.2438709710233957,37.5,1.1150369133957678,1.1747396303478779
99,AMT,58.21,3.460999999999985,0.9123398222622402,55.07,1.0697951562268728,0.9991324089433504,57.14,1.4878932228959383,0.9714938047995142
100,BX,60.86,3.8599999999999812,2.251785687037877,59.06,1.0038571261597076,1.6442763845648969,53.57,1.476376724608409,1.030649775617228
101,CI,62.0,3.834999999999983,1.69061921637201,64.96,0.948556601148963,0.9993555214395092,26.32,1.6187543933135915,1.131199354071739
102,ZTS,61.4,3.123999999999985,1.3557318838848949,52.99,1.1491591093452378,1.3196159939882666,80.0,1.3308031046881612,0.9427512642499996
103,FI,56.39,2.4799999999999827,1.3012803050761206,52.71,1.0166684535129367,1.303938908627271,52.0,1.1115764304172089,1.1493737584499526
104,TMUS,58.43,2.656999999999984,2.103620395205964,59.7,0.9765321174909349,1.1568304936789302,47.06,1.3293668725399441,1.0145607143613653
105,SNPS,60.39,3.6159999999999837,4.031885014858913,53.96,1.1464701479430728,1.5547627601287686,66.67,1.2787933011036619,1.1607636162537216
106,KLAC,61.69,4.912999999999978,3.942260292887289,64.03,1.133019529954213,1.4738184742302927,54.05,1.6170707611071329,1.277583644580326
107,CDNS,63.06,4.164999999999981,4.417779241589194,57.58,1.166230613090883,1.6510707840898058,70.97,1.2927014755702544,1.2091884622962368
108,EQIX,58.45,3.2429999999999874,1.554211156690908,58.21,1.0315765338577627,1.1916194242100697,47.06,1.3828846096924918,1.1417451656171533
109,SO,60.85,3.0219999999999856,1.1069373158544267,59.52,1.0510701126210122,0.9752434111054058,62.5,1.31023006625803,0.9774170993848995
110,CME,55.8,2.68399999999999,1.0484722226262888,51.24,0.9911212546382653,1.2301857565557481,45.45,1.190924807698039,1.064817995325012
111,DUK,61.81,2.9519999999999893,1.0510508604631867,63.71,1.0513271186789028,0.9332124781694926,59.09,1.434613782922927,0.9618850026708287
112,ICE,58.17,2.404999999999982,1.4696314310107534,62.4,0.998525228098365,1.2166842738087136,50.0,1.2297723695762621,1.114734457209616
113,SHW,54.94,2.5209999999999804,1.8201967171421853,55.04,0.980755321899442,1.2487100205091928,50.0,1.3221693266296448,1.1539913532325732
114,ITW,53.82,2.0719999999999805,1.4596057829540987,57.24,0.9391991812014542,1.1801013843608819,46.15,1.3211966500833738,1.0121177120818188
115,MO,57.55,2.5519999999999854,0.845557107584837,57.6,1.0461920862921925,0.915657387596849,57.14,1.2323100885417375,1.01364730932089
116,CSX,58.56,2.156999999999983,1.574495831557542,61.65,1.0245926280623232,1.1067774351637152,68.42,1.2801053094353216,1.1037219052662963
117,SLB,58.15,3.9659999999999815,1.243466461184657,58.16,1.0469506846156746,1.0054158370438089,57.14,1.4472468350746985,0.9579297229174977
118,BDX,57.67,2.243999999999982,0.9152721993153303,47.11,0.992035502251587,0.9509086041740348,46.15,1.0570650667417625,1.001081193103157
119,CL,54.9,2.0169999999999844,1.3007939977008622,53.98,0.9966127034762831,1.0135610477063248,54.55,1.2075653498575925,1.107522894391187
120,WM,57.39,2.015999999999983,1.804907659388058,53.7,1.0066113274019766,1.144668895662793,50.0,1.085414462316829,1.1659665327138764
121,MCK,62.06,2.8679999999999866,3.84896120370327,61.98,1.0543677897026384,1.265795035069797,61.9,1.2479560005589883,1.0955364626737818
122,EOG,57.58,3.689999999999989,1.3881633877205615,55.94,1.0605422994875684,0.9778063515384003,66.67,1.22338859059324,0.9439910400705581
123,PYPL,62.11,4.497999999999982,0.5378815635432237,62.14,1.055485139466076,0.8234110799101823,53.85,1.635339317041157,0.9518386083864997
124,CMG,57.79,3.155999999999985,3.1045277047386497,64.75,1.0165771201029798,1.6312996768625383,50.0,1.5406880505457639,1.2024355587422928
125,ANET,61.53,3.8509999999999853,5.45561534816096,63.19,1.0819119233956354,2.034082967389565,54.84,1.8733086896851692,1.1941591163152114
126,USB,56.26,3.2789999999999884,0.7419244760332884,59.57,1.0792839251314792,0.9539431025829553,55.56,1.5526232369869981,1.0154385929219207
127,TGT,64.66,3.470999999999983,1.3675055922494743,66.4,1.1129698665039962,0.9370089376617725,81.48,1.4986084934396646,1.2303310223058694
128,PSX,59.41,4.124999999999978,1.3714360498286886,57.14,1.0710174909771437,1.3338298855689334,64.71,1.3359762603714875,1.0960375257179444
129,NOC,59.96,3.00099999999999,1.224287307435153,57.02,1.0198390404354436,0.8929432717973298,50.0,1.3040692912225254,0.9668126482404452
130,MPC,58.49,3.3969999999999856,3.078996989448493,63.36,1.1360113687742288,1.377825991024388,70.59,1.581944535830929,1.1355373613225017
131,ABNB,63.17,4.86299999999999,1.1794614398072825,64.96,1.1251844301023493,1.5157799129533562,58.62,2.143655136668372,1.2309999081636354
132,MCO,58.02,2.7809999999999846,1.607353227811093,54.17,1.0392058712793575,1.3438809519001438,66.67,1.1685619137425385,1.0328731473867305
133,ORLY,58.24,2.658999999999984,2.4717834646545587,57.36,1.0909186141780105,1.1430195607216906,61.9,1.2254647583813236,1.1491824499757304
134,TDG,59.33,3.661999999999992,2.004897473216052,58.52,1.1192606952395856,1.5660711156487892,75.0,1.3599649955435087,1.1911352209147499
135,HCA,58.99,3.216999999999981,2.2095287288935905,49.62,1.037066550092951,1.1062359447230636,59.09,1.0646444793349277,1.2014029023779553
136,APH,55.75,2.2979999999999796,2.044129932778884,53.28,1.0301845102056086,1.2489359390640358,64.52,1.240078489282972,1.1619162426019027
137,PNC,55.81,2.782999999999986,0.9487187295941439,53.28,0.9979218219600487,0.9558419598350787,50.0,1.3928146619960553,0.9935711058949471
138,GD,57.82,2.31799999999998,1.511766154517391,54.47,1.036051979917055,1.0545632689674862,47.06,1.1684725933701343,1.0617837591626187
139,AON,56.26,2.7019999999999844,1.5263258682146006,55.81,1.0092850469123338,0.9514402347127571,47.37,1.1481541613354866,1.0912371573132866
140,PH,58.78,3.0649999999999817,2.5902715004903287,60.29,1.0072568606669443,1.544713404708561,51.85,1.3498956846995598,1.188692596541603
141,MAR,63.16,4.0519999999999845,1.6672471896157233,68.61,1.1007594026396288,1.480314930164007,73.33,1.624656445847612,1.136185184191855
142,TT,57.59,3.040999999999987,2.761935367555382,55.47,1.001384888786443,1.3804716209804633,56.52,1.4813196977323941,1.2091031517003337
143,ROP,54.17,1.924999999999984,1.50239644068348,48.36,0.9964465313192146,1.207232240194589,57.14,1.0087740109057477,1.0271468512756001
144,FCX,58.87,4.232999999999975,3.106429530584372,57.23,1.0893014348351087,1.0792307731432793,55.17,1.1963221021384691,0.9611384967510526
145,APD,56.57,2.8809999999999887,1.0842920489015833,60.77,1.0685390288453815,0.891973007884164,63.64,1.3615947257149816,0.9047109809656653
146,FDX,59.87,3.1559999999999824,1.6233190726704096,57.82,1.0534394902017867,1.390135077076438,61.9,1.3651504685780815,1.0041188995112864
147,NXPI,61.4,4.001999999999986,2.005498797576286,64.1,1.0598197365962503,1.4002277999166737,55.56,1.6791286401023422,1.1815068534262965
148,ADSK,61.92,4.398999999999978,1.3676940038114385,56.3,1.052358650179757,1.2455840963742353,65.52,1.444267348587327,1.1134072763448004
149,PXD,55.04,3.135999999999987,1.5822686012442255,52.45,1.0310748988829777,1.0324142372948606,47.37,1.2169677732607815,1.0442006487792705
150,GM,61.78,4.3229999999999835,1.0896200742143478,58.78,0.9800549375244758,1.0392044008126438,50.0,1.5016981158916671,1.1220584136462113
151,MSI,61.62,3.3169999999999824,2.0500060894058443,57.48,1.0404125658944383,1.2078134560029161,60.87,1.2332101043333945,1.0800641377766926
152,NSC,57.12,2.542999999999979,1.3159488987479466,56.62,1.0233665328016022,0.9392587062371047,64.0,1.338772841416735,1.1096064022333885
153,PCAR,56.12,2.318999999999984,2.1828400403661146,58.73,1.0408975155044682,1.478158984660536,54.17,1.4004898996913773,1.20688927974835
154,CTAS,57.9,2.7789999999999826,2.3210668302904818,59.12,0.9836374000611459,1.333641238880453,54.17,1.3124191919740609,1.078255274784408
155,EMR,52.17,2.0489999999999826,1.4473960123084642,52.08,1.0093122101427632,1.0048207827845292,40.74,1.237704638895754,1.1682509532512637
156,LULU,59.11,3.6339999999999817,1.9710711356431188,53.52,1.0960520181782614,1.5744905837900878,60.71,1.2285040615377372,0.920746150573447
157,MMM,58.61,2.7349999999999834,0.5261978320633636,66.92,1.0363979785595694,0.8789452549647301,60.0,1.6447629871579257,0.8711383312768155
158,COF,60.06,3.935999999999984,1.3495097440831803,57.14,0.9979704704502952,1.4103473528619135,59.09,1.3260001794215874,1.0419347003295578
159,ECL,57.53,3.178999999999984,1.1837364623790103,51.61,1.0651797382186836,1.3234508828670875,65.0,1.2333032139500535,1.142693255695982
160,AJG,58.33,2.4449999999999847,2.6327772437672863,54.03,1.0234224414397026,1.185833211162768,62.5,1.2375028047003416,1.115145266693479
161,TFC,58.74,3.6869999999999816,0.6644128050832944,61.24,0.9724284183315484,0.8363433578080689,52.0,1.4830643511348809,1.0227335488691371
162,HLT,59.49,2.8209999999999824,1.864624059652308,60.14,1.0145345021600387,1.4085576696066255,61.11,1.4040262354744604,1.146266479078735
163,AIG,62.46,3.7709999999999786,1.4517133308516015,64.62,0.9628590429066062,1.077983020356123,45.45,1.4077295281431907,1.086722006927726
164,AZO,61.51,3.0409999999999826,2.5921311410725023,64.66,1.1159014629675328,1.050313659200264,62.5,1.4521246466607844,1.1993347056708716
165,TRV,56.47,2.402999999999986,1.5975404864036755,57.02,0.9786356460030512,1.0223789058218196,44.44,1.3034901658066262,1.1442498733951252
166,WELL,62.08,3.868999999999984,1.1272826202679747,58.72,1.024125699603339,1.3108658144146357,58.82,1.304622094056771,1.033965778163886
167,EW,62.52,3.8439999999999817,1.199974130611165,59.06,1.0947534659385316,0.9882306589314497,57.89,1.469477054649376,1.2669219883164786
168,ROST,62.59,3.804999999999983,1.24105765892363,56.3,0.8969038542271655,1.1670763011878238,33.33,1.2184565520267965,1.0761296592830374
169,MSCI,59.51,4.096999999999985,2.1204219536493287,52.56,0.9842089200226507,1.172277046985948,47.83,1.3999386238503932,1.0055104466942757
170,VLO,60.45,5.258999999999981,1.6275131382396824,57.62,1.1394598818821136,1.0922922643541138,76.19,1.5851847457714197,1.113728060642674
171,CCI,61.91,3.444999999999986,0.7978379777167707,56.3,1.0050839032270762,0.8135332946018058,58.33,1.4510368911709683,1.0014979804523736
172,DXCM,64.95,4.975999999999985,2.4659844469191237,65.08,1.1755509254318506,1.0766202603563375,71.43,1.9832452899831998,1.1210418351805873
173,HUM,58.15,2.8859999999999855,0.9386614721708382,56.45,0.9850584744368485,0.9552548377790903,45.45,1.4224539172123714,0.7372772304449705
174,F,60.94,4.745999999999977,1.3291422056799018,60.81,0.9988820015479609,1.012489560005965,47.62,1.7344855565755313,1.0453799936068802
175,MCHP,61.75,4.301999999999972,1.7187382036719252,63.12,1.0598936903815241,1.222771527604365,64.29,1.6281774474444393,1.0694099889767563
176,NUE,58.6,4.197999999999976,3.419470540493303,53.62,1.0794351528917563,1.2805108954436588,50.0,1.4748750670305686,1.0533215885801317
177,CARR,60.11,3.128999999999987,4.617254818187041,61.07,1.0562069683296125,1.3430883274435301,70.59,1.4966481579633713,1.072313247644164
178,SPG,61.9,5.010999999999976,1.0368765076386324,59.06,1.0380970694536416,1.180505071444026,48.0,1.4363051826447215,1.0758084849282283
179,O,62.5,3.13899999999999,0.7397002230710479,67.72,1.0190162518273733,0.9065160059051348,52.17,1.4363661192762853,0.9161614378838362
180,SRE,60.8,3.208999999999986,0.9622401753728134,54.62,0.959416774062579,0.9780702138563077,34.78,1.255625323305122,0.9352756152573031
181,PSA,63.62,3.2449999999999877,1.3603182796368423,62.7,1.0341380951865915,1.121246999377161,62.96,1.476309890916598,0.9593742874431264
182,AFL,55.07,2.305999999999983,1.5509626062461241,59.32,1.0330774641132505,1.157953293931767,40.91,1.1889254579586117,0.9877388599287593
183,TEL,59.05,3.098999999999976,1.4817552518784092,52.29,1.0162109034093523,1.1810916079321572,60.71,1.2854163256596616,1.0305184672178065
184,MET,57.22,2.521999999999983,1.3961753124053373,57.36,0.9812211524680343,0.9202076271009763,48.15,1.3751616240265037,1.062732330228644
185,DHI,60.62,4.315999999999983,2.9027567670901107,63.5,1.0484734940084088,1.6355304002734725,51.85,1.6868385233541745,1.039067245005209
186,IDXX,61.76,4.072999999999984,2.1360426824257264,57.86,1.1419686686974018,1.296522529028291,63.64,1.6030078493385522,1.057002953199954
187,BK,55.28,2.1369999999999854,1.1055301423685682,58.78,0.968502373233791,1.104131589047412,37.5,1.2224197245949353,1.0728764784069351
188,DLR,64.57,4.2239999999999895,1.2588569419219509,61.16,1.1567310603018357,1.3046791484491718,78.95,1.6540786907225389,1.1309063807936057
189,URI,64.25,4.960999999999979,4.110071748810379,69.18,1.0916707585397498,1.549411110229146,61.54,2.272715915478652,1.24475482586139
190,WMB,54.9,2.3979999999999793,1.5260703589292133,48.48,1.0151146515301348,1.0979907923698504,72.73,1.0165067216456478,0.9914623695520143
191,CPRT,61.22,3.1109999999999807,2.3745951876027367,61.42,1.0692158308812716,1.5330751427049454,66.67,1.3933595608274572,1.174620917019626
192,FTNT,61.11,4.136999999999989,3.225429187732941,61.81,1.0404286963403382,1.19627328554826,66.67,1.3076776225204259,1.240103712290711
193,AEP,58.6,2.9679999999999884,0.9028491898508133,63.64,1.1008164982506052,0.8708124291084096,58.33,1.4730905544522344,1.010913932502823
194,KMB,56.65,2.057999999999984,0.9275351879784245,52.99,1.0025914152947855,0.8943790862794696,52.63,1.1031249248869357,1.0345818889300766
195,SYY,60.04,3.5689999999999866,0.9536455707949485,55.28,1.0425345163120268,0.9705268371513306,41.18,1.0995734786986224,1.0728194030411144
196,ALL,56.48,2.704999999999986,1.3891695732475282,57.78,0.9662432815919169,1.0349020625388512,37.5,1.5544642553166663,1.0809655551252693
197,MNST,59.24,2.4829999999999837,1.876106250171806,65.04,1.0474699611493632,1.1471365497286767,50.0,1.4407768004529715,1.0327070473745188
198,CNC,65.13,4.248999999999978,1.289077771984766,71.56,0.9546365539770427,0.9669016198877367,39.13,1.7344000725649225,1.0273651098850571
199,NEM,58.23,3.2709999999999813,0.7983889384293814,60.51,1.1568431750838828,0.7942147385066041,66.67,1.6158050735329659,0.8548749923706054
200,OKE,59.7,4.126999999999982,1.0077043134471613,59.44,1.0530827983736577,1.1021103965295966,58.33,1.2456575656995779,1.07568999814423
201,STZ,56.67,2.4699999999999855,1.36177540073543,60.5,1.074153809233942,1.0550700619738123,71.43,1.3522813620134762,1.0690799933584891
202,GWW,61.23,3.0329999999999866,2.865613813517408,62.99,1.03887577134501,1.467862655868069,50.0,1.485206057715411,1.2067494869598894
203,LHX,59.25,2.9539999999999864,1.0187675057031056,60.33,0.9931311203109936,1.0137728033846745,45.0,1.4218456594306121,1.0219235091228387
204,PAYX,55.46,2.5889999999999813,1.4259608274394115,56.59,1.0074024959583983,1.0068335444934076,45.83,1.3266732884694545,1.0351763158094067
205,AMP,58.83,3.4109999999999867,2.4700813777759274,54.36,0.9345450217317186,1.2114228869347548,45.0,1.395144471699422,1.0847742117087766
206,FAST,55.35,2.474999999999987,2.073557628215867,49.64,1.060806409928425,1.324786275169685,57.69,1.1850830873263365,1.2214883955290374
207,CEG,62.31,2.9239999999999897,3.759999932183159,61.79,1.3108138742178594,1.3817287488305743,64.29,1.6112104719586902,1.4605092721346782
208,HES,59.21,3.9469999999999805,2.072021968812117,57.05,1.0048010051469598,1.0601156257946702,55.0,1.5051241965073459,0.9790271910159685
209,COR,61.12,2.654999999999984,2.8301414929801125,56.88,0.9873133678021468,1.2804076842765608,43.48,1.0813798511568047,1.130415018310474
210,CTSH,57.86,2.7189999999999825,1.2524445519832073,56.0,1.0334018767577815,1.281432996315854,56.0,1.3066239257307233,1.0431654728412396
211,D,62.6,3.3669999999999836,0.5909368562173638,65.55,1.1161892682341317,0.7674418450268501,77.78,1.6124215394697519,0.9976254041349963
212,IQV,56.78,3.35499999999998,1.6833776084621903,57.25,1.1421495160912327,1.1088170215765945,51.72,1.3338836869650064,1.179764574515859
213,A,56.73,2.647999999999981,1.7724370913251248,50.36,0.9936521942731495,0.9148150700539094,57.14,1.1319971971357976,1.1428408057887536
214,OXY,54.76,5.3879999999999875,1.3973858696127572,49.36,0.9965835134948797,0.9826542077777126,47.62,1.28802117206616,1.0054446133152004
215,PRU,59.39,3.313999999999986,1.1918292835069362,55.94,1.0508784513677232,1.0335046390534062,53.57,1.303916189501125,1.0813308739750065
216,GIS,56.91,2.3639999999999874,1.250481298912532,52.73,1.048709117004174,0.7956848311556501,50.0,1.2212694494913467,0.973325246228892
217,DOW,59.54,3.055999999999983,1.0823159594073115,59.7,1.0198881762792045,1.057328490254699,56.0,1.3124205284964043,1.0385319330236094
218,LEN,60.78,4.7549999999999795,2.908535356237459,59.85,1.095282040584224,1.5752591149706796,53.57,1.5270316896181573,1.1275915899205258
219,AME,50.67,1.7779999999999831,1.799385778579164,54.26,0.9892302608679517,1.1563364434467158,33.33,1.1766590374301635,1.1309464382320251
220,CHTR,61.67,3.6789999999999767,0.5713305107335507,67.23,1.2578397479371666,1.1059604795639124,77.27,1.6768139545012697,0.7306121202301142
221,FIS,58.57,3.687999999999988,0.5030276105924663,56.83,1.0576642345285445,0.8801790699495571,50.0,1.5848609270037022,1.161449952450916
222,YUM,58.32,2.324999999999985,1.3683848522845075,56.41,1.0353934177279842,1.0027199729828824,52.0,1.207312617561822,1.079550647003356
223,OTIS,52.94,1.6719999999999846,2.156666734483507,49.25,1.0105196872378857,1.0948372413083038,50.0,1.030260059635256,1.107244738873205
224,JCI,58.7,2.848999999999979,1.5130349406944044,52.82,1.107782771703436,0.8674771912420121,60.71,1.2919779898363806,1.0977872850233654
225,KVUE,45.74,0.9979999999999973,0.753396232173128,41.1,1.0382388216208938,0.8139622526348762,61.9,0.946288065026253,0.938645967226604
226,BIIB,59.84,3.8969999999999825,0.7719442996764203,64.17,1.055338082167757,0.9885528372975045,41.67,1.4789629564344349,0.8522947671671953
227,IT,58.96,2.828999999999982,2.98422889945076,62.76,0.9964566516814015,1.3085440909373613,58.33,1.4812261708847134,1.0887402387686014
228,PCG,64.5,4.988999999999978,1.5676442926425063,57.8,1.0640306188323656,1.1366498178199809,63.16,1.332366651291804,0.9220923944337684
229,VRSK,60.89,2.5419999999999856,1.549249620355239,53.12,1.0322277450830675,1.320277368807429,55.0,1.1259346504483236,0.9987325599677831
230,RSG,55.4,1.8829999999999858,2.043343351089584,55.96,0.9679048059284079,1.2860818903813351,50.0,1.1102618602804157,1.1258856612306531
231,ODFL,63.25,4.318999999999984,3.419745576135299,55.3,1.1564582861473056,1.3772636811031007,72.0,1.463036039168506,1.1232213795479609
232,EXC,61.66,3.2139999999999844,1.1349523479232426,59.84,1.026462468313432,0.8339812852154005,55.56,1.3798095997334596,1.019624076243335
233,GPN,61.5,4.143999999999984,0.7047180111144229,62.31,0.9881919551266378,1.2289330696124718,57.14,1.5521980040737318,1.035375625340142
234,CSGP,58.91,3.4869999999999894,1.3787926830182067,48.46,1.0531174324787242,1.0956410139034956,57.69,1.3120303940941955,1.0431315674714756
235,CMI,58.32,2.681999999999986,1.5303715581207897,59.09,1.0220209215938625,1.0029942025360201,57.69,1.4422914199060308,1.1382508416019341
236,EA,58.79,2.342999999999983,1.2543376881140436,54.87,1.0161959159306244,1.0861530794258345,64.71,1.1054163484850466,0.9908259500819159
237,MRNA,67.96,8.422999999999984,5.346744481916033,67.74,1.2439399786785375,0.6343031101311012,64.0,1.8496808109894305,0.9301897061776735
238,PPG,58.77,2.809999999999982,1.0898681360158242,52.82,1.0115688180566234,1.1331845610218891,51.85,1.162539350074423,0.9706428097800437
239,XEL,60.41,2.771999999999984,0.8170867885008422,64.35,1.216376931922393,0.8981180538447207,65.22,1.3282055483316544,0.8055205831650778
240,KMI,55.74,2.708999999999988,0.8393867658439937,53.52,1.0283562511478714,0.9780581662877428,63.16,1.232554478112962,0.9858726220750729
241,IR,58.7,3.4939999999999847,2.452614231064268,52.24,1.0445744056061903,1.430195734848613,68.0,1.3408391145611098,1.2052997335021494
242,CTVA,54.53,2.365999999999989,1.9288732223628031,57.35,1.042688057471577,0.8135366475207502,59.26,1.247200157005588,1.1393510127513076
243,HAL,58.81,4.500999999999975,1.4519386280540014,58.67,1.003895108926618,0.9398906751249777,40.0,1.5811761655076029,0.9830462418086233
244,KDP,52.13,1.5709999999999849,1.0091982402606545,55.56,0.9813836892607681,0.9310825555193316,50.0,1.1864816044488464,0.892144848935531
245,MLM,59.73,4.053999999999981,2.168715206570436,55.91,1.1269544587905735,1.4120607711766056,70.37,1.3337656045268713,1.2408920857916235
246,ED,60.04,2.897999999999993,1.0183911196358482,61.26,1.0400950210150324,0.956724372768803,52.38,1.2757570867302173,0.9705376573788221
247,VICI,57.7,3.1379999999999857,1.153162059954679,55.38,1.0014611165207796,1.0222221930365718,50.0,1.1819775558043135,0.899352665602142
248,EL,57.07,3.040999999999981,0.7306301894885205,60.9,1.0006109643561274,0.5553434191688513,55.56,1.443773976572162,1.0786095024420004
249,ON,64.56,5.993999999999972,3.2486835702506465,65.73,1.0190008046832801,1.3094854654209656,45.16,1.953901736258242,1.011347895014295
250,ACGL,60.96,3.503999999999994,2.0168397550779473,72.03,0.9946144021229233,1.2036004859135452,52.0,1.6320966781314628,1.1363399731077237
251,EXR,64.96,4.065999999999985,1.4083740987634177,65.55,1.0228767929943934,1.1379524642305132,55.17,1.7969650502598653,0.9447103362055025
252,CDW,60.72,3.102999999999984,1.7497363122269332,55.56,1.032411500217433,1.2181617753464795,52.17,1.2505537185491185,1.1446157506232193
253,KR,63.23,3.714999999999987,1.9357142448900007,66.98,1.0775552904317092,1.0289081432459926,45.83,1.3971948745679716,1.19421753565147
254,VMC,57.81,2.8989999999999867,1.8709357771448047,52.29,1.0759736744697448,1.2451968423646576,60.71,1.185096756901991,1.2121460043407508
255,RCL,62.65,6.7139999999999835,0.9458386166797794,66.18,0.9544171541070412,2.2822948476947316,39.13,1.9938985996443765,1.0750106889476605
256,EFX,63.55,4.285999999999984,1.891579822469585,61.7,1.0908606323831247,1.1723278158528683,45.83,1.5826167028348395,1.1597219302908475
257,FICO,59.78,3.8539999999999863,3.4302469365161357,57.14,1.1452445823903417,1.857283716979417,72.0,1.181509211913697,1.1672442792965978
258,ADM,57.71,3.025999999999987,1.1914385329347548,54.81,1.110965615937023,0.8422271402973159,47.06,1.3879964425459446,0.7497607533205812
259,KHC,57.98,2.924999999999986,1.1152017213516263,57.01,1.0500874046313577,0.9243452323084864,50.0,1.272370163754052,0.914887075750187
260,ROK,59.59,3.0519999999999814,1.4526499759228293,60.43,1.0541305881538485,1.1759874345309334,62.5,1.5229994573392642,0.9687520714311827
261,HSY,55.43,2.3509999999999875,1.3362591426946837,58.77,1.0039250739768075,0.8600797021751241,54.17,1.321625821168054,1.0118067109720907
262,DG,61.04,2.955999999999984,1.0122916768750345,62.5,1.080835747872194,0.5767145489765144,44.0,1.3981437618798855,1.1982023500488053
263,PEG,62.64,3.235999999999989,1.098211166950971,63.78,1.0699447705970533,0.9844825238833558,60.0,1.4376160958738313,1.0429541321082523
264,MPWR,64.66,5.936999999999977,4.2278926692892504,62.42,1.2324691787057125,1.6879524429627955,76.0,1.9801878941872744,1.292201357549399
265,GEHC,67.55,1.985999999999995,1.6468100048870342,68.25,1.188134611200061,1.2625227414031996,75.0,1.8296923947881956,1.227696776929176
266,BKR,55.57,3.1519999999999873,1.1955928789538803,45.11,1.0206920914382276,1.216565114654292,65.0,1.0517984591550231,0.9037441728021968
267,ANSS,61.34,3.6269999999999794,1.3026034533067516,55.64,1.0069176026360784,1.453033656263088,46.15,1.2924537967942626,0.9752637078137074
268,PWR,61.06,4.129999999999992,5.9205822239964805,68.03,1.0784081592071915,1.5104294454203973,65.0,1.7052153131201297,1.199142394661678
269,RMD,61.76,3.931999999999987,1.2082394909740852,59.85,1.0867740720159333,0.8145092638722946,65.22,1.6775516153413603,1.131717896372579
270,WST,63.72,4.356999999999979,2.360326065098884,58.87,1.0482261875654562,1.4460064830553974,62.5,1.3599298333179273,1.0615780819060534
271,FTV,56.7,2.8069999999999826,1.3144534959864222,52.48,0.9741721021420897,1.108095603962138,57.14,1.2015973172323715,1.19580512181095
272,FANG,56.4,4.491999999999978,1.9389894127507938,53.33,1.1302949575449324,1.2020364444660427,68.0,1.273111753024899,1.1429106552495827
273,DLTR,63.71,3.6489999999999876,1.585510071325778,60.36,1.0669451536066026,1.014375099290171,68.18,1.476324224157151,1.0788472694781142
274,KEYS,60.36,3.0789999999999837,1.5245387859392383,47.95,1.0141524998204505,0.9120183030283178,50.0,1.1733133782939014,1.0309990947025411
275,DVN,57.91,5.120999999999967,1.772030625441531,56.49,1.0849698939439172,0.7782682337019492,66.67,1.5110552427265889,0.9880367152988262
276,CAH,59.6,2.795999999999988,2.3283023020801226,62.28,0.9329369312651421,1.3327273083971694,40.0,1.3972267631121618,1.0973455492031097
277,XYL,57.12,2.894999999999981,1.582669362918008,57.86,1.0069393873179031,1.0278506368844087,33.33,1.3285589423370787,1.1394765644362428
278,DD,58.93,3.006999999999982,1.1517857367511533,56.12,1.0229345335334052,1.0989650287500428,51.61,1.20483094761462,0.929563806039822
279,DFS,61.05,4.191999999999978,1.4518359891140145,53.79,1.1003482613543722,1.1093117415007059,63.64,1.2694990847724306,1.099692984725434
280,CBRE,57.22,3.5629999999999873,1.5510906642841233,50.74,1.0103593380407232,1.169342696855028,58.06,1.3459775847254924,1.0619876075676051
281,ZBH,57.27,2.7009999999999845,0.8813245502574311,51.24,0.9930205456546486,0.944963358596372,57.89,1.2049539741223438,1.0569436419095233
282,HIG,59.71,3.0199999999999814,1.6029188221845283,58.87,1.0101496658658058,1.059619914725973,50.0,1.1458251882830521,1.1942621590839853
283,TTWO,59.39,3.521999999999987,1.1692578785938017,55.65,1.0043999878835774,1.4916174910002513,53.57,1.4228058379513824,0.9021149607230663
284,MTD,61.19,3.746999999999985,1.685373864500156,58.91,1.0437304423338385,0.8140348660329892,60.87,1.3390004452254511,1.1600094581294207
285,EIX,63.33,3.9089999999999816,0.9281894195661019,66.39,1.1259870839367827,1.0896218858705082,75.0,1.510354787973192,0.969684295705007
286,WEC,62.38,3.3819999999999855,0.8975800586821198,64.41,1.0351640205641828,0.9107406710969425,51.85,1.3798583495737415,0.9455628918091785
287,WTW,58.33,2.8779999999999886,1.3438310037412522,49.14,1.0473994558511035,0.9734674493927776,51.85,1.0785494602571615,1.1411086975159304
288,DAL,58.85,3.4559999999999826,0.7280399493274707,71.03,1.0516798461253511,1.1762140587625338,44.0,1.781123704915029,1.0911202536488012
289,AVB,60.6,3.1859999999999875,0.8872771976452616,58.59,0.9691060632319197,1.1451435600149913,36.0,1.27944571634595,1.012848551871851
290,HPQ,60.33,3.704999999999985,1.4970774272961553,55.8,1.0542857850291694,1.0958854032399281,64.0,1.2784780730661103,1.0279264549322538
291,GLW,59.54,2.719999999999986,1.1013512856077337,48.99,1.0363900670157342,0.9357713554460722,56.52,1.0824119658448574,1.069202975363799
292,ULTA,61.52,3.842999999999984,2.172682503919911,60.87,1.0280523468883302,1.006390627912186,57.89,1.451753917676323,1.1471444211417987
293,CHD,58.86,2.1629999999999843,1.484701961222436,54.39,1.0426744672505932,1.1422876995896678,58.82,1.221337035542268,1.110484355720958
294,TSCO,58.63,3.2069999999999834,2.719117067650977,63.36,1.009336765316728,0.9777868163487081,42.11,1.5879938491801848,1.1758759004407935
295,TROW,62.42,3.7639999999999807,0.9485370888260897,60.43,1.0494833150207286,0.9690194241259594,64.0,1.4693789603279237,1.1132750099898483
296,SBAC,59.54,3.651999999999985,0.9265265531292387,55.04,1.0698205046972973,0.8713392047054407,70.83,1.5807097883010939,0.8993624749926934
297,BR,62.66,2.9679999999999835,1.6420325944148373,62.7,1.0605760906032504,1.4625740986880924,80.0,1.3874336102218465,1.0319348535150021
298,AWK,62.73,3.112999999999982,0.9808232796292837,59.52,1.0553379539645213,0.8494623405373032,64.71,1.3181185438609808,0.8887724405983237
299,WY,60.94,4.05099999999998,1.1723844688698228,53.33,0.9316443465439561,1.1139930011358588,40.0,1.3250605924108751,1.0133587198476808
300,LYB,57.99,4.031999999999975,1.084107009192441,61.38,1.002321742475711,1.1243306183406556,45.45,1.320865171522228,1.0279647525934805
301,WAB,57.44,3.3169999999999886,1.7725631288931707,55.56,0.9823968627554707,1.2436036275309064,46.43,1.3068173721228233,1.1420436240064515
302,FITB,59.09,4.270999999999986,1.2017083176502368,55.64,1.0427971721154634,1.0394500816181067,60.87,1.4507319633447011,1.0765156657988362
303,APTV,58.81,4.184999999999983,0.8344303797468354,53.64,0.934341065366957,0.9404463991651907,53.85,1.2504702029056345,0.929339560258267
304,MTB,57.46,3.7109999999999754,0.8473600277419409,55.2,1.0606088759587702,0.9484276025141039,57.69,1.5097330828982254,1.066015380097931
305,STT,57.5,3.125999999999986,0.9110217185093791,57.24,0.9835842161401973,0.97823347654926,40.0,1.3334321837450416,0.9377748383170483
306,ILMN,64.54,5.83599999999998,0.420116485552968,68.42,0.9717538291318677,0.6791866156448791,45.83,2.434422674185603,1.0402347844675497
307,PHM,59.86,4.268999999999986,2.891850205384589,60.48,1.002374216836209,2.1419532456990917,45.16,1.4170664335877783,1.1231212796545533
308,NVR,61.38,4.256999999999984,2.0323660993146184,53.23,1.0565402054253585,1.490943875059374,61.54,1.2070933994211286,1.1059600550303135
309,WBD,69.11,7.0939999999999825,0.27130814584982843,76.69,1.1481820504407283,1.1233140384257245,61.54,2.9634794588465683,0.7690264985577996
310,HWM,60.74,4.840999999999986,2.149730078972956,56.06,1.172223701402669,1.3585335165288281,79.31,1.2488482354248145,1.2830743337456765
311,DTE,59.51,3.010999999999987,1.027362236841703,63.33,1.074148156571964,0.934760826516907,57.14,1.3706694844623164,1.0163993479885807
312,STE,64.25,3.9479999999999835,1.5513508935857778,62.5,1.0199650646674372,1.1346434952993807,59.26,1.5266171616497006,1.0943661031783702
313,PTC,59.13,3.301999999999984,2.449423223642202,61.9,1.0920907148160297,1.3825531130206246,64.52,1.322326180822726,1.1099362432708844
314,BLDR,63.23,5.304999999999986,7.996629997724343,64.75,1.0235917704472817,2.480576112567617,51.61,1.9709258726302235,1.2659281033356513
315,EBAY,63.39,3.8219999999999796,1.4096217997012317,62.99,1.1208231190448168,1.018101619320835,78.95,1.5397035382311057,1.163949472209689
316,ETR,61.03,3.3129999999999904,0.8711361692986568,56.9,1.026234989567397,0.9398406762210263,52.38,1.3471933695351943,1.003492777834651
317,DOV,53.14,2.4269999999999827,1.481214345528679,53.1,0.9842452450038186,1.1127267849741098,40.74,1.4134169190663188,1.1561720016191823
318,FLT,60.63,3.7609999999999832,1.0103504342728744,55.47,1.1194470642705485,1.5245831098384988,65.52,1.4151633262806347,1.05315609021451
319,RJF,62.46,3.4829999999999828,2.026311406413091,64.84,1.0408843989005345,1.0640515641234556,60.0,1.4881969239562256,1.1010871782747518
320,MOH,64.78,4.052999999999988,2.9610306809433555,69.42,1.0187306586879101,1.1849902727835238,54.55,1.6740638144992124,1.0419066359992037
321,IFF,56.54,3.157999999999985,0.6276217175261778,58.33,1.0597746427593835,0.7527736262223184,52.0,1.4616258631757026,0.99137398636781
322,EQR,62.14,3.5029999999999824,0.7839727577748532,59.84,1.0292591847032706,1.038429458820326,42.86,1.4035888346769774,1.044263128586301
323,EXPE,59.25,4.892999999999985,1.2364152485265019,65.54,1.0401511793275748,1.6349049126208333,53.85,1.9803258371474368,0.9306158187720247
324,GPC,60.28,3.335999999999977,1.4479915331345834,61.65,0.9199639568596307,0.8031289657853119,46.43,1.538707741046991,1.109364671738211
325,IRM,64.17,4.417999999999982,2.656658066167569,60.94,1.1045926687570482,1.3488599805951274,66.67,1.4526602692482737,1.229235880781438
326,TDY,60.32,3.043999999999988,1.185529844675227,60.34,0.9993407991670362,1.073002291433151,36.36,1.3060904086670568,0.9715710148438909
327,HPE,60.52,3.897999999999986,1.1448953570757312,57.97,1.1409414804574252,1.0310596971079276,50.0,1.3852443377833032,1.0595656886804237
328,BAX,56.62,2.7379999999999844,0.5145029436077988,57.98,1.062376900647536,0.7424039196395741,63.16,1.5538258795744522,1.153684774356111
329,NDAQ,59.25,3.1019999999999865,1.6670667730187894,57.94,1.030342244933054,0.9229521511365074,58.33,1.3419111448807648,1.0746561236858492
330,DRI,58.9,3.5369999999999844,1.52745153029514,61.6,1.0055953885586009,1.1345871506976926,58.82,1.3067270563593918,1.0701683622885672
331,CBOE,51.62,1.6339999999999877,1.5386961149259828,49.09,1.0071516999818302,1.4316702434369555,42.11,0.8833528893697946,1.0675320061118918
332,PPL,60.08,3.144999999999989,0.7693611783942367,60.17,1.0352817265000245,0.919144669174111,53.85,1.3455928630166043,0.9840925330265762
333,ALGN,64.97,5.921999999999983,1.118242773404046,62.41,1.0099593510071632,1.1971687111346838,75.0,2.0635760429182026,1.2239481875319578
334,INVH,55.77,2.8789999999999853,1.1609041973908003,55.73,0.9662125254164602,1.1648721309468029,45.83,1.3713006607519347,1.0249485905997888
335,FE,63.49,3.1259999999999852,0.8029920216079375,64.17,1.0248384220934699,0.8833254934127097,48.0,1.3862239637528244,1.0092691288235245
336,ES,63.35,3.5969999999999898,0.7278542231359408,65.32,1.0458184552170264,0.7469823076374235,64.0,1.4329213456224115,0.9380930240230394
337,TRGP,58.73,4.644999999999988,2.520242402047822,54.93,1.1279394642176719,1.2166690082238065,73.91,1.157568743844286,1.1847293342959846
338,ARE,60.58,3.2879999999999825,0.7875684752884842,59.23,1.094650754634042,0.880318592796634,60.71,1.5966256851971878,1.0092939842816822
339,LH,57.85,3.0879999999999956,1.5285548190946987,54.39,0.9129040535517903,1.1293276140740371,28.57,1.187231810849143,0.9687031260863979
340,WAT,59.86,3.2779999999999885,1.5657331752212478,60.58,1.0475126832363753,0.9395317078056754,60.87,1.4121985373728942,1.1824898863382858
341,CTRA,62.14,4.338999999999984,1.5292244321195287,55.71,1.1182600294798268,1.0713094672420422,75.0,1.3555054558787192,1.0206643437630212
342,VTR,63.07,4.516999999999984,0.7723304839298106,66.41,1.0337307604513395,1.0752711249715297,60.0,1.4802768153250678,0.8877522482895328
343,AKAM,57.04,2.6119999999999868,1.2666208471549063,56.8,1.1215696807599067,1.3612857724499774,75.0,1.4112034447768238,0.9500473073635236
344,COO,59.5,3.4619999999999815,1.2689420616703182,59.23,1.0269277876450742,1.0922504276499243,53.33,1.3682368946774806,1.1239419739978296
345,EXPD,56.54,2.370999999999983,1.5570822617612154,57.14,1.0341931755807234,1.196835576057727,54.55,1.50941068857417,0.9526241448999944
346,WDC,62.32,4.793999999999978,0.975235996382857,60.96,1.068725650806119,1.5388805381066333,51.61,1.6228228904311552,1.2516884809404192
347,STLD,57.63,3.733999999999987,3.9912648030645346,56.74,0.95123007935016,1.2046399023907421,39.29,1.5154725284986164,1.1125009976309228
348,GRMN,60.03,2.6459999999999826,1.4525636475861528,58.33,1.0489483776678563,1.324680723736784,58.62,1.2304279059977872,1.1432137811629113
349,BRO,59.89,2.9849999999999826,2.145018909929854,57.63,1.0471582407821853,1.228298643649913,58.62,1.3177720432822788,1.2246221279914753
350,HBAN,59.93,4.093999999999985,0.9155975716013955,61.65,1.0800639781922836,0.8955431729900832,56.0,1.365282019653978,1.0830670865677263
351,HOLX,60.69,2.969999999999988,1.4796685234614544,57.27,1.022329525152629,0.9262430777851993,50.0,1.199283342269291,1.0609367951547177
352,NTAP,61.28,3.369999999999985,1.6786061331304598,59.02,1.0415573389582864,1.3920555249418864,48.39,1.1886493546063397,1.1999768581213675
353,FDS,60.71,2.7709999999999857,1.7364423845714438,62.7,1.0056145510697565,1.1347506818166682,45.45,1.283573449383665,1.0259720213029768
354,LVS,61.29,4.268999999999983,0.7424698577641016,57.78,1.0918902073719368,0.9892079867955161,62.96,1.3834097078005132,1.0216104452392547
355,AEE,61.68,2.96999999999999,0.9629337588465576,61.82,1.0362155076976007,0.831834540934884,68.18,1.4526026186504315,0.9944346946802602
356,CLX,64.06,3.6099999999999848,1.0209926844431405,65.57,0.9883488948950414,1.0067492430591727,33.33,1.4674143908559993,1.1031655624926209
357,HUBB,59.43,3.1759999999999815,2.6379182709130062,64.84,1.1393331951068748,1.4213694247276891,79.17,1.688359857514485,1.2366178578690303
358,OMC,60.47,3.331999999999982,1.1500062281745433,62.3,1.0573195296115472,1.0332780373916215,72.22,1.4381899361759034,1.0815390102289903
359,LUV,55.35,2.5149999999999837,0.631278791840773,60.77,0.9616739724929033,0.8471148259087621,54.17,1.620194777734937,1.2563164424839395
360,VRSN,61.45,2.824999999999985,0.9503683742614437,61.86,1.0114762759772868,0.9805409610454008,45.45,1.2641735601406783,0.9488096878481544
361,CNP,60.63,3.354999999999988,1.0572974914130155,62.75,1.0071231106379206,0.9784148601051428,48.15,1.2854986290782904,0.9723653133876038
362,TYL,63.21,3.747999999999983,1.368050315241483,57.63,1.1064396369337883,1.272920112043709,65.52,1.3753767648901358,1.0310641799902636
363,AXON,62.04,5.201999999999977,4.206817374297392,65.67,1.1720484416536392,1.4910524595485204,61.54,1.8895573054372488,1.256961641562814
364,BALL,61.4,3.868999999999983,1.0137873308225551,63.24,1.073101482423457,1.0855400594435776,62.5,1.7344412049514162,1.1757028434761025
365,CINF,65.52,4.189999999999981,1.109248846349582,62.2,1.045352066785199,0.9955806184537229,70.83,1.5399245524437113,1.1225294995649202
366,RF,60.79,3.8779999999999872,1.1768038206114206,60.0,1.0344299951969806,0.8900045703242319,60.87,1.2292844171020003,1.0497341176188901
367,PFG,57.52,3.4049999999999807,1.4605717933182982,61.54,1.0010286084821565,0.9305963842181298,48.0,1.4302424047996092,1.0194483133965653
368,MKC,60.37,2.923999999999981,0.8092726640761391,63.41,1.056924079177083,0.8185028444549091,52.17,1.4499913055179654,0.9986818937405443
369,J,56.7,2.5839999999999845,1.6219606024745463,53.27,1.0755221467087557,1.0155543135564244,70.83,1.2690958587491248,1.1624349355282473
370,ATO,62.72,3.310999999999985,1.043402060369103,65.57,1.0072866617195566,1.0445774321505976,50.0,1.344276908693618,0.9823115307745102
371,VLTO,53.06,1.1399999999999983,1.200537285657045,61.54,0.9987560856579607,1.088247145253635,43.48,1.0880975370181631,1.1451632768565918
372,SWKS,59.52,3.3159999999999767,0.9067425006396409,54.97,1.118600250973393,1.1672015050506377,65.62,1.261861130942255,1.0225739000158447
373,CMS,59.92,2.8069999999999835,0.9689455732523792,59.82,1.0231009008168233,0.9161380411685123,45.0,1.2202899845924509,1.0182998662121543
374,WRB,61.67,3.2109999999999834,1.8323678364832348,57.35,1.0580485749289577,0.997373585545619,62.96,1.374036286209238,1.1624862363867456
375,CCL,65.09,8.047999999999968,0.32601722967796276,69.23,0.952233287229383,1.9782610261230387,41.67,2.455753187133938,0.9948011627010342
376,EG,61.96,3.2529999999999806,1.328560090702948,68.38,1.0312893978085342,1.0602773396444807,68.18,1.515136352426882,1.01203454930163
377,TXT,58.89,3.4809999999999888,2.0599016585747165,59.09,1.0527098801974875,1.131860442844173,53.85,1.265645369940827,1.1740127855045779
378,STX,59.81,4.218999999999983,1.5757936185961925,54.61,1.0450301626994047,1.5753476814105063,55.17,1.578893653161829,1.1541713474925965
379,NTRS,56.13,2.7969999999999833,0.7781626706775593,56.93,1.010261212807042,0.925719922164864,45.83,1.4942290786555157,0.9929159715245651
380,JBHT,61.8,3.6929999999999867,1.7234042941568082,64.96,1.0358032617087414,1.117213454488598,42.31,1.6726480453435384,1.0507424102527616
381,WBA,61.95,4.306999999999983,0.3600219868089478,70.25,1.1546068885214726,0.7108561863265341,61.9,1.8826368863254528,0.8318380873582094
382,AVY,59.37,2.9749999999999814,1.6867559618339092,50.76,0.9963233595491974,1.0689544694350002,50.0,1.1540006239974625,1.1018401062228296
383,SYF,61.19,4.575999999999988,1.1768002694337136,54.17,1.1216688793310734,1.1468278197701822,73.91,1.2169928599359974,1.1214953042554603
384,JBL,64.34,4.630999999999974,3.663450019506033,59.85,1.0942941260637014,1.9415151422674004,66.67,1.6568358124850517,1.192383258130727
385,EPAM,64.58,5.91599999999999,1.4310487308463238,62.86,1.1223795525603126,0.8687429155785034,78.26,1.7513879618359933,1.1006508926656002
386,IEX,55.37,2.2419999999999862,1.3827275554431686,55.12,1.0301593004217842,0.9379770534491537,56.52,1.312990036526342,1.125306228832096
387,TSN,62.74,2.8569999999999824,0.5957164715575538,62.83,1.0134584191320335,0.8607967282659539,60.87,1.460938682254679,0.9880973902469486
388,FSLR,57.62,4.120999999999988,2.831287287712132,54.81,0.9985019249110363,1.17291187555448,46.15,1.7131062962529509,0.9642814729844603
389,SNA,58.65,3.439999999999984,1.7621042499778548,54.17,1.0938069238798307,1.2428546019776,50.0,1.3226652819955245,1.0409772185262116
390,CFG,58.74,3.779999999999984,0.8610624357267477,61.38,1.0457597675325117,0.8243541713079597,51.85,1.795763279616796,1.0692284483843202
391,MAS,61.83,3.5819999999999856,1.6073067935535281,61.59,1.0393963950349199,1.3660989189446884,62.5,1.5177840813333487,1.197915075230915
392,LDOS,57.2,3.003999999999981,1.294129484809583,56.91,0.9765064233246452,1.0347800819957038,30.43,1.4244730039015914,1.1958016079696059
393,ESS,62.1,3.5019999999999833,0.8175630478751073,56.74,1.0385353758278741,1.1608362142494193,47.83,1.436206310139458,1.0144598930024116
394,DPZ,60.04,2.7859999999999854,1.5061593888075153,62.18,1.120420536512536,1.1996283198575948,66.67,1.3552613718236817,1.1082755251319645
395,PKG,57.84,3.1699999999999857,1.7049075685101738,56.0,1.0775355407785052,1.2529816174759327,68.0,1.3661105337451978,1.1378552621985003
396,TER,61.08,3.8569999999999762,1.573208135083327,64.29,1.062057871013765,1.1984671566864025,58.06,1.6310953850080425,1.054938538947328
397,LW,62.02,4.14299999999998,1.0684053195049603,70.69,1.037646478685029,1.218106921233307,45.0,1.6198351626685037,0.9526350785642953
398,MAA,58.51,2.9279999999999853,1.0282283507283752,57.48,0.9672532523192503,0.8611638874564225,42.86,1.4933050016727316,1.019439489954765
399,CE,60.64,3.72699999999998,1.2990065353682123,60.13,1.0675331541091486,1.417498846154572,56.0,1.5487786965350727,1.035642941505235
400,EQT,61.74,6.679999999999986,3.613171994514804,63.38,1.0068915510683567,1.1719361409781661,44.0,1.6721401479718532,0.9646320530901855
401,K,58.89,2.571999999999987,0.851138615136141,61.54,1.047014107896461,0.8697072937277655,45.0,1.3291673671454398,0.9454593189544199
402,CF,57.69,4.117999999999988,1.8511826057758884,60.29,1.0948986202209205,0.9902924036378165,66.67,1.5820405067684247,1.0314691778907334
403,SWK,61.1,4.514999999999983,0.552057836582674,65.69,1.036005712079061,1.2493638531122155,60.87,2.0936216076532945,0.9804453182799404
404,POOL,62.33,3.800999999999985,1.9376627641470385,57.25,1.025306964825385,1.2750057590740251,60.87,1.5442088039961743,1.114759990244956
405,DGX,60.83,3.1329999999999876,1.224431511758239,57.43,0.9933035122849381,0.9109846400320614,53.85,1.2462041241519035,0.9213917790429348
406,ENPH,64.49,7.737999999999993,4.468419282753584,58.09,1.0381151140234106,0.5215387291825069,56.67,2.016787308176002,1.0672756080418535
407,VTRS,65.71,4.278999999999987,0.6101484823642964,65.55,1.2196391873716466,0.9693617313466174,75.0,1.547681907358271,1.083992958075487
408,BBY,64.81,4.451999999999981,0.9027299457759907,59.15,1.0878719776207344,0.9428850358099224,57.14,1.5029451021649511,1.0433514069977012
409,CAG,64.03,2.8199999999999834,0.8423814923795874,63.7,1.1001669348022274,0.7640362101117405,52.17,1.4532038863932497,0.9591871047080307
410,AMCR,60.07,2.9889999999999843,0.9008579614351917,61.11,1.066046203244221,0.8104738334513601,61.54,1.3383309352108452,0.9843749410162393
411,KEY,59.58,4.167999999999983,0.7536413977618016,62.4,1.0983147894036889,0.8080752056597617,65.38,1.7956503714031813,1.0581805212630362
412,NDSN,58.6,2.9899999999999856,1.6141656178535464,60.15,1.04290054042545,1.0879074401534568,52.0,1.4908388735713007,1.0525856002977159
413,UAL,64.05,5.78999999999998,0.49442433615372117,75.41,1.150299382591486,1.0251762328617142,60.87,2.1329822415095627,1.0994156651759144
414,HST,59.83,3.9859999999999887,1.1455099704424416,62.88,1.0035815348254493,1.2183055454539342,47.83,1.5074291086272984,1.0564929181879057
415,SJM,63.47,2.824999999999985,1.1709355797620038,62.04,1.0434007687497617,0.8190783571939801,64.71,1.3220019374535412,0.9228369498550245
416,ALB,60.57,6.010999999999983,1.6593545150569409,61.54,1.4758278939342109,0.6570201483986633,75.0,2.1309957322740107,0.8471965211961985
417,MRO,56.51,4.060999999999981,1.801454578746449,56.2,1.0643653343442234,0.9644549909408472,57.89,1.2760253310582792,0.9935820358823305
418,PODD,66.02,5.4119999999999875,1.0444950144210154,70.59,1.1453448700612956,0.7475689964886021,54.17,1.914578478738445,0.92011711312433
419,GEN,62.11,3.651999999999986,0.8573364507616434,66.91,1.094482204423349,1.042066759990403,57.69,1.8134578328626003,0.9859751273575629
420,RVTY,61.58,3.840999999999987,1.1329518976850894,56.06,1.0338112622946545,0.7759820265593644,60.0,1.3230955751757527,1.046324563403852
421,BG,65.27,3.8469999999999795,1.5971695393321699,67.69,1.1036603410890873,1.068421052631579,70.0,1.5635781457427629,0.9229081880290102
422,IPG,60.47,4.00599999999998,1.4258645542451471,66.93,1.0379063099833048,0.9538904249671599,45.45,1.5599030384179162,1.0090255835317186
423,TRMB,61.36,3.7409999999999823,1.5196339287330711,66.19,1.1092871640279194,1.0324803454854221,65.22,1.8234253181300795,1.2471332453041817
424,LYV,59.43,3.9669999999999845,1.382816907948223,63.7,1.0075323324789056,1.2929164173584888,43.48,1.5915470513089325,1.1086056598563903
425,LKQ,63.77,4.162999999999984,1.4569087952110082,64.29,1.0262196591372632,0.8660926661868771,63.64,1.4178798496791352,1.1057259316373216
426,IP,58.42,3.327999999999988,0.8539266350256153,59.42,1.1581340737394408,0.9921259597852418,70.0,1.540831132973663,0.9948418154643531
427,KIM,59.37,4.214999999999982,0.9848561713706095,58.87,0.9929655855567212,0.9829099797503884,51.85,1.4981755299836177,0.9416023588527445
428,ZBRA,64.5,4.908999999999982,1.115368131041688,70.63,1.1787443981595143,1.0189741850916305,62.5,2.0783556594846795,1.1309598903291171
429,LNT,64.29,3.1489999999999907,0.9208178739415546,64.39,1.0471708871774061,0.92991575939688,47.62,1.3722932598660376,0.9571097859738088
430,ROL,62.9,3.619999999999989,2.046870322479383,60.0,1.04709310120254,1.1713590164152812,63.64,1.3935771605688094,1.073508508969099
431,JKHY,61.61,2.705999999999986,1.2091682368391898,62.39,1.0378824970369789,0.9292849562240943,64.0,1.356390150830232,1.0781374585128602
432,PNR,61.1,3.4299999999999824,1.7666377591482425,65.15,1.0651325424854559,1.5186294863024188,68.18,1.6608248089567272,1.1896602930456304
433,NRG,64.83,4.184999999999986,1.5824607213512496,65.0,1.0857081015983256,1.597070730953766,60.87,1.4967576473562851,1.1699245772234437
434,MGM,59.25,5.017999999999982,1.2762841114024495,58.87,1.0431952345774427,1.2796848162816512,38.46,1.664120806792564,0.9601694742838542
435,JNPR,56.43,2.4099999999999873,1.536770687954161,52.99,0.9736770961854089,0.9217719202926015,34.78,1.042396568593241,1.2460026052272535
436,EVRG,61.08,3.2039999999999864,0.8170078908364603,64.0,1.0663509151590933,0.8362811209203517,60.87,1.4241223131130676,0.963059255555476
437,TAP,61.68,3.533999999999984,1.1984825251780378,57.85,1.0382045626574214,1.2085280170793857,66.67,1.3193462215005356,1.0311895153133284
438,TFX,61.9,4.0549999999999855,0.603518229898983,60.48,1.0866488376698231,0.9725825337530338,47.83,1.6076824770697127,0.934178961848804
439,KMX,62.59,5.039999999999986,0.9335319400668494,59.06,1.0806433942058966,1.1701473239302298,66.67,1.6847743116787273,1.1231214732589347
440,AES,62.57,4.5759999999999845,0.8204697433806812,61.24,1.1605844722869785,0.7089442692739916,66.67,1.7348772854816947,0.8581774976795437
441,TECH,63.41,4.60799999999998,1.4353885892872986,64.44,1.05400416986235,0.9089939523554751,57.14,1.9246212859319844,1.077834736779541
442,CRL,64.58,4.687999999999983,1.7595284744298363,62.59,1.1319508797445437,1.0555130344289116,62.5,1.7866842887594232,1.199357144681612
443,INCY,62.63,3.4159999999999835,0.7692554308507049,64.6,1.035296911067463,0.827642835518246,47.37,1.4571841692421157,0.9147457988544145
444,UDR,60.34,3.4579999999999824,0.8177026891194155,61.11,1.0025972664111773,0.9844585831757563,48.0,1.4186021392423034,1.0094264350418132
445,FFIV,57.67,2.449999999999984,1.3817500523158481,56.62,0.9955647322568391,1.2131057748761434,47.83,1.2155417781032534,1.111178191702423
446,ALLE,61.37,3.429999999999983,1.0685158338280363,53.15,1.0382262738558392,1.1374039036045118,64.0,1.376580098857307,1.089004975902202
447,DAY,63.6,5.787999999999974,0.9561213788228606,57.86,1.0846588793817897,1.0469393467382493,64.0,1.6244182199007016,1.0439836513316356
448,GL,57.42,2.594999999999985,1.2194630749750746,64.35,1.0357353415138424,1.017810895125328,58.82,1.3144846158576589,1.0420285514125942
449,NI,61.35,2.980999999999986,0.9866788402846794,62.71,1.0743097974629303,0.9722822016295403,68.42,1.39317530250347,1.0053923563055003
450,MTCH,65.85,5.607999999999984,0.4048751469066706,58.16,1.0960603404254217,0.861571256354256,60.0,1.6345271678167501,0.9495258967516991
451,REG,57.45,3.453999999999984,0.9877423587322737,55.83,0.9269695385709076,1.0634323255979847,46.43,1.376296853630964,0.9374239424454089
452,HII,59.81,3.3059999999999947,1.109544554969165,60.18,1.0902992836561634,1.140033227457206,72.22,1.403414217079943,1.140714023250514
453,WRK,59.68,4.413999999999987,1.07029053370546,59.62,1.08053955045051,1.1484331377855401,53.12,1.514080440821309,1.0978130169460198
454,PEAK,60.67,3.6699999999999857,0.5109233900378292,56.39,1.0896343652919533,0.7783018404639356,58.33,1.5065124298329966,0.875686485983083
455,MOS,58.53,5.20899999999998,1.5277456287860434,59.42,1.0246966713830377,0.8430783257754957,54.55,1.7710611816274389,0.8653751236784131
456,CPT,57.41,2.8949999999999854,0.9508970301915814,57.58,1.091594391107797,0.8902882239770994,65.38,1.431101375155074,1.029547075572895
457,EMN,57.51,3.2149999999999777,1.1803818976710807,57.24,0.9514168683489785,1.0390606921817684,37.5,1.4001950698414807,1.0186342387210705
458,CHRW,60.12,2.757999999999984,0.9403717754791017,62.39,1.0248935723154458,0.959581435297443,57.14,1.5632642154377274,0.8370105665458984
459,HSIC,60.31,3.367999999999988,1.12785460409218,57.27,1.0415260187267235,0.9171015671604335,56.25,1.3350047024607,1.0060305136917567
460,QRVO,58.99,3.595999999999984,1.0461990618710366,55.1,1.1712803043557898,1.196813227056147,63.89,1.2795601015913531,1.1120256984046775
461,BBWI,65.43,6.423999999999972,2.929840351466591,63.31,1.0685292729516984,0.937565481441094,76.47,1.961131479864986,1.0247762792515913
462,UHS,60.4,3.582999999999985,1.2490667063908927,62.79,0.9733130638288281,1.072991692925803,42.86,1.3639383942718712,1.158716738176457
463,APA,57.75,6.015999999999993,1.2041649989431256,56.46,1.1832263344677632,0.8567022373221278,77.27,1.3677191264755653,0.8417686929508132
464,AOS,61.47,3.5339999999999856,1.8171067304796655,61.59,1.0610191933867754,1.342565160670383,66.67,1.5105415942744318,1.0931266918601794
465,NWSA,59.14,2.9729999999999848,1.8270833446471784,60.68,1.0022753551152181,1.286617527147561,55.56,1.5115032231244419,1.0827160613987317
466,BXP,62.56,4.406999999999985,0.46838407703365736,67.15,1.0660114130157021,1.0807974735964732,50.0,1.896406255914151,0.9227220218687308
467,CTLT,62.37,5.327999999999985,1.0040193335237273,56.2,1.099025819668661,0.969860032230701,66.67,1.861566305456921,1.3206062034181871
468,CZR,66.49,8.756999999999993,0.7290122761446345,68.7,0.9168778518829139,1.0526547570342886,41.67,2.359938633831961,0.9397777981228298
469,AAL,61.58,5.441999999999989,0.5352260394412109,67.16,1.1778277237085613,0.9889624304252841,65.38,1.876508958940863,1.1427799231154383
470,PAYC,67.58,5.915999999999977,0.6616185630496139,66.19,1.1018833817506133,0.6732478124800729,61.9,1.7954127018835306,0.9278991797763168
471,WYNN,61.53,5.901999999999974,0.7101152061753927,60.14,1.0775393631236456,1.0407040361510753,60.0,1.7198881455494606,1.068382435272258
472,TPR,60.7,5.474999999999982,1.7460995889635367,59.73,1.0702529563776366,0.962673308953907,55.56,1.6686523407349219,1.2755767439481922
473,AIZ,58.27,2.5299999999999865,1.3440483324619104,60.58,0.9945542689782991,1.3158262098462397,52.63,1.2721371870402138,1.0515029668869296
474,CPB,64.82,3.2159999999999855,0.8761098500476621,64.6,0.9994109021280018,0.8023673426329581,50.0,1.4544620790566696,0.9528408144691566
475,HRL,59.79,2.867999999999993,0.7736723301774364,60.15,1.0602382958330212,0.714752662307931,61.9,1.5035518626963706,1.0501534421091578
476,MKTX,63.02,4.197999999999988,0.5626891539857379,69.42,1.0327335023307915,0.9988842040000728,65.0,2.002060716161889,0.7665699005906059
477,RHI,61.37,3.059999999999979,1.2827357024625372,57.14,1.0147072955252971,1.1405298094086298,53.12,1.2433265474203217,0.9674767300746833
478,FOXA,64.64,4.2469999999999795,0.7887631079819923,60.87,1.1188206863406789,0.9667518896196394,86.36,1.292775657292454,0.9640000025431315
479,BWA,57.58,3.1279999999999837,0.8625930778432406,53.24,1.0094066170041676,0.9812025623553223,66.67,1.33046007551919,0.9451954766185842
480,ETSY,67.44,7.838999999999977,1.612583436941867,62.99,1.1030792815561252,0.6923405465671895,61.11,1.7253889239131617,0.9150132856370015
481,PNW,60.43,3.4019999999999913,0.809304397931533,57.58,1.161325784023577,0.9710836938211316,79.17,1.3460458199429586,0.972980274375798
482,BEN,62.23,4.172999999999978,1.1217616694538233,58.74,1.0983397541192899,1.0524614084018604,64.0,1.4258790496825764,0.9955783516810779
483,FRT,60.14,3.997999999999991,0.8076739951354294,63.7,0.958231278674647,0.9943841961583753,46.15,1.5006073263464912,1.002657185724285
484,NCLH,63.39,8.933999999999983,0.34453124720603223,68.31,0.9875325356117841,1.470304946929096,38.1,2.6657897004680233,1.1457851999434403
485,XRAY,61.03,3.3359999999999834,0.599289558360363,58.33,1.0048370253631491,1.054766203542677,66.67,1.3602895998646094,0.9689833996030173
486,IVZ,59.42,4.466999999999987,0.9006791110999809,62.75,1.0779875243096786,0.9351949645994879,55.17,1.6433563765235828,0.921540216560822
487,FMC,58.45,3.2769999999999873,0.6428499320520289,63.43,1.2988318531180227,0.5274117053055507,76.92,1.5976416990281868,1.0424906413984374
488,PARA,66.55,7.621999999999978,0.2633293066573874,70.29,1.1475336090886037,0.7783783577583931,57.14,2.5941705386735077,0.7692036846105523
489,GNRC,65.7,6.273999999999979,1.1482738747824757,60.0,1.0045337832598555,1.2497057008914985,51.85,1.90179658667223,0.9751503638173483
490,CMA,60.7,4.623999999999982,0.7487970153585556,67.41,0.9959284388872627,0.8445440764025114,54.17,2.030148262646699,0.96762983818791
491,BIO,60.79,4.099999999999983,0.9398549603794836,55.97,0.9582000298171192,0.7562600438152756,46.43,1.564466187069669,1.0811014773165355
492,HAS,61.34,3.908999999999984,0.48784006726939744,57.35,0.9523771995948942,0.8034133156579347,54.17,1.5980195549403735,1.0652172085899592
493,ZION,61.14,5.057999999999984,0.8213732983738838,62.41,1.0393668915694914,0.8787577103705314,62.96,2.0362417479634076,1.0110714322044736
494,WHR,62.33,4.465999999999976,0.7482182132346783,65.12,1.1105298739789875,0.8291169470974072,68.97,1.6927942022907327,0.9262746904308676
495,DVA,63.55,3.826999999999985,1.8097362371640116,66.09,1.0435265350368934,1.3854827903508684,63.64,1.7261633506076874,1.2904834155050542
496,RL,63.68,4.66499999999998,1.490140415463651,56.92,1.0924467078277615,1.2904736130562156,66.67,1.3535379296870724,1.2348341501531657
497,VFC,61.99,5.661999999999984,0.16069276512012343,64.19,1.142830994964446,0.6317750450313893,51.85,2.550767592781137,0.9140490549147559
498,MHK,65.62,5.723999999999985,0.9342497074379111,60.42,0.966499382704403,0.9292144390428903,50.0,1.5929972940464205,1.2121271769342987
499,GPS,64.58,6.749999999999981,1.1485091785134995,64.8,0.9849519903041299,1.7733446403380766,61.9,2.1949546634902655,0.989135836377556
