,ticker,winrate_4y,return_4y,buyhold_4y,winrate_1y,return_1y,buyhold_1y,winrate_td,return_td,buyhold_td,std_1y,std_3m,return_1m,return_3m,return_6m
1,MSFT,46.45,0.96,1.23,42.76,0.96,1.62,36.36,0.82,1.1,40.778229043094974,13.125919643711471,1.2782285502272517,1.1378985251831926,1.0001519339578888
2,AAPL,47.28,1.12,0.95,38.64,0.91,1.46,36.0,0.82,0.93,17.05271478499415,6.204717579309279,1.0509182488072544,1.0835281581554408,0.9903728672402964
3,NVDA,57.45,2.41,2.99,49.29,1.15,3.23,55.88,1.2,1.84,106.66644186542695,115.17425217645561,2.462717760741141,1.6270741456302193,1.5010584254825639
4,AMZN,55.24,1.66,1.05,55.71,0.99,1.74,46.43,1.16,1.18,18.813746953916528,9.974369339047739,1.0413557242819338,0.8803619401238141,0.8355917018392487
5,META,55.37,1.95,1.5,49.64,1.03,2.7,50.0,0.95,1.47,62.62359257617683,54.31236779395786,1.390990363562086,0.9931358346448375,0.8990282854141247
6,GOOGL,51.89,1.25,0.94,46.97,1.0,1.58,54.84,1.01,0.97,16.072181674735234,5.212158786435332,1.0318594884737629,0.9177317034974659,0.9571362874478277
7,GOOG,52.15,1.39,0.94,45.93,1.02,1.58,54.84,1.03,0.97,16.278349049206817,5.323229190775003,1.0401858316568897,0.9253789959934408,0.9622169416597637
8,AVGO,52.73,1.55,1.95,50.0,1.05,1.89,53.12,1.28,1.24,152.78183014930326,93.05812213214678,1.9129553062933842,1.5982234194989917,1.26691710137038
9,TSLA,52.96,2.0,0.46,51.02,1.02,2.1,48.0,0.95,0.74,41.29955866959273,18.288254582919727,0.505145346809181,0.6185074719342547,0.6922816134446714
10,LLY,51.14,1.16,2.86,53.98,0.86,1.7,40.0,1.14,1.23,99.48885772761125,63.826426562316364,2.7741088411875787,2.1916720329687296,2.141149261737904
11,JPM,40.31,0.6,1.12,37.42,0.93,1.26,28.57,0.66,1.1,9.378981030595233,6.426685911605503,1.0427813418187826,0.9564440357573711,0.8885181045716634
12,UNH,41.73,0.59,0.97,38.71,0.89,1.07,27.59,0.82,0.88,23.86628078262247,18.040864036306058,1.0556528359061288,1.1116723925203398,0.9901405654958895
13,V,37.17,0.23,1.26,33.59,0.91,1.21,27.27,0.59,1.09,11.34542074343081,7.286714868271695,1.242605341783215,1.1667715082488754,1.0997932045232575
14,XOM,45.09,0.84,1.64,42.38,0.97,0.97,40.91,0.76,1.05,5.146326795615911,2.827148558025123,1.5436067976944485,1.4871834157122017,1.7843166820130167
15,JNJ,40.93,0.62,0.93,39.02,0.91,0.89,26.09,0.83,0.99,7.0068735326084655,1.876466720061659,0.9162964275721713,0.9064180831454154,0.949672664728785
16,MA,42.02,0.41,1.25,38.41,0.94,1.18,40.74,0.66,1.12,19.952653397245587,18.742034869715074,1.2197447641531676,1.120834288557311,1.111190997644052
17,PG,41.06,0.77,0.98,36.04,0.92,0.97,15.0,0.77,1.08,5.178134911372074,4.516733085037168,0.9629901327058191,0.8927632064085607,0.9423747592916009
18,HD,47.18,1.02,0.9,42.64,0.96,1.06,41.67,0.94,1.1,18.191732818268644,11.077884820573576,0.8796385939294088,0.8070923727417203,0.768481766737451
19,COST,46.15,1.12,1.29,40.46,1.0,1.41,47.37,0.98,1.13,46.36084104422141,32.52345799977985,1.2821013584089904,1.1156798145979856,0.997323768998644
20,MRK,38.49,0.63,1.6,40.37,0.89,1.02,22.73,0.86,1.08,4.215272795998821,4.143288542238393,1.629009134765657,1.3551486523236167,1.4000778691590081
21,ABBV,41.29,0.61,1.32,42.31,0.92,0.98,23.53,0.87,1.11,7.662614335070416,6.70274606682216,1.2879549949276607,1.1337673967237634,1.138946421059928
22,ADBE,53.4,1.48,1.0,53.19,1.04,1.67,55.17,1.16,0.96,95.49903904666527,29.535277655402435,1.1321480541022677,1.1437905652428362,0.9610469005598489
23,CRM,52.04,1.28,1.23,44.03,1.05,1.8,50.0,0.61,1.21,26.642099270434347,15.371547217519467,1.1735084107752392,1.033114517266135,0.866132230997527
24,AMD,58.84,2.91,1.44,56.55,1.23,2.09,55.56,1.62,1.53,17.700494538392373,18.431377182056867,1.1942944046140245,0.952845882530567,0.7088353693705745
25,CVX,41.85,0.55,1.23,39.87,0.98,0.88,43.75,0.68,0.98,9.37079990716711,3.8496092016536467,1.243844131652324,1.1735156027494973,1.37708968788972
26,NFLX,60.68,2.83,1.02,54.01,0.98,1.52,47.83,1.34,1.29,54.64764151561076,47.50373132202093,0.9495390072606176,0.7832191167697531,0.6671741141978412
27,WMT,42.58,0.69,1.27,38.83,0.91,1.11,32.0,0.81,1.13,2.5596660559566025,2.401445435125908,1.1921126994848306,1.0659155527548871,1.1508450615800954
28,BAC,46.91,0.94,0.74,46.51,0.97,0.98,45.45,0.98,1.06,2.7804054128473203,0.9193845741535063,0.689101865767652,0.6405500874343845,0.5992915028754104
29,PEP,31.52,0.42,0.94,30.08,0.96,0.97,26.67,0.72,0.94,8.897891221881661,2.606676269521059,0.9679039560369287,0.972522111503584,1.035501987571173
30,KO,33.07,0.38,0.99,29.57,0.93,0.95,15.79,0.7,0.99,2.5236990036640754,0.5344593954354503,0.9878918638057556,0.9855697008895223,0.9669928404669458
31,ACN,45.37,0.64,0.94,42.96,1.0,1.25,48.15,0.7,1.12,24.227908099674533,12.677271456665173,0.9192926654701179,0.8489240949382787,0.7813010497654683
32,MCD,39.05,0.46,1.09,35.59,0.89,1.11,36.0,0.8,0.99,13.226524833710947,3.6051844679778298,1.0780603727711064,1.0853227173247912,1.0343003654244296
33,TMO,40.39,0.71,0.97,34.01,1.02,0.94,47.06,0.56,1.13,36.651713014637316,16.314745588324264,0.8911812297734628,0.8048058173417273,0.8215695970652559
34,CSCO,40.79,0.42,0.81,38.64,0.93,1.06,29.17,0.68,0.98,2.7673538130810496,1.1592468305671757,0.8184489970304528,0.8053877849968112,0.9160816426179847
35,ABT,44.8,0.77,0.89,44.92,0.94,0.98,38.1,0.93,1.1,5.693578486482774,3.1423828274918817,0.8235250352811019,0.7857405682266325,0.743905110272479
36,LIN,31.85,-0.05,1.34,31.01,0.89,1.29,16.0,0.65,1.13,24.738102735806727,20.328272101041666,1.2163800829367255,1.2375511274094957,1.123894323027695
37,CMCSA,46.95,0.8,0.85,43.65,1.06,1.18,62.5,0.84,0.98,2.997968088080586,1.4791487724031454,0.838214800676172,0.8501693432252487,0.9093445036549725
38,INTC,56.47,2.2,0.83,57.75,0.96,1.7,48.28,1.73,0.94,5.452830285844348,2.204203117955974,0.8150169715983797,0.8287542608460444,0.7149040668951753
39,WFC,49.38,1.21,1.08,48.89,1.07,1.14,51.85,1.0,1.17,3.197980105871537,3.070411075723004,0.9110900734273178,0.8809478904398697,0.8233175413303465
40,VZ,44.44,0.92,0.74,42.74,1.0,0.95,42.86,0.94,1.01,2.751242232045081,1.1331025964873436,0.7428464618273448,0.6975874020107242,0.6270805688015273
41,ORCL,48.24,1.22,1.27,42.74,0.98,1.21,32.0,0.98,1.1,11.967405195141524,4.195769332624837,1.312922154409196,1.1347366244273231,1.2630572232094366
42,INTU,52.98,1.81,1.05,44.96,1.0,1.51,50.0,0.94,1.1,62.21102248986679,23.108911322816862,1.0644326001882425,0.9609587036445684,0.8652639465458704
43,DIS,52.81,1.25,0.71,48.25,1.07,1.0,65.0,1.02,1.2,7.776010212269647,8.594601523497838,0.696012344206858,0.5847942091654442,0.5459448980645647
44,AMGN,42.74,0.87,1.2,47.37,1.02,1.14,42.86,1.05,0.91,19.487655039970612,14.599722911372798,1.2777387631513633,1.202554400624389,1.1549771687418235
45,IBM,43.77,0.94,1.42,33.82,1.06,1.12,57.14,0.71,1.22,10.76732406720322,10.953917211791847,1.3500941209220854,1.1933777830401915,1.051224401148931
46,QCOM,50.93,1.27,0.91,41.26,1.03,1.23,53.12,0.78,1.24,9.649208642291338,9.225359032904201,0.8064947040843728,0.7300111936907844,0.6022005157980995
47,DHR,45.13,0.75,0.93,37.31,0.96,0.98,26.67,0.53,1.1,11.63403060282995,10.407405149172483,0.8919078235504875,0.8067369692825086,0.825912910380858
48,NOW,54.41,1.84,1.25,48.08,0.96,1.71,44.83,1.07,1.12,83.97602002314488,32.53682281218096,1.3460608655746016,1.1863429770712404,0.9578931804931261
49,CAT,52.32,1.32,1.56,52.52,0.98,1.18,52.0,1.17,1.19,23.347928800905166,18.325924561580788,1.4543286913020634,1.1987802204729874,1.2882428470403666
50,PFE,49.04,1.29,0.5,50.0,1.01,0.59,47.83,1.06,0.92,5.118129835566035,0.8889047863392696,0.50540986764896,0.5241151762973608,0.6169081265855514
51,UNP,46.0,0.72,1.0,43.38,0.96,1.16,38.1,0.83,1.04,13.425219391758063,5.806205506324035,0.9897631161228787,0.9241360345601918,0.8457326307537707
52,TXN,48.43,0.64,0.9,42.45,1.0,0.99,48.0,0.79,1.03,10.425411774645754,4.88900786185386,0.8511529942294108,0.8276729331398741,0.8534067045422647
53,SPGI,43.08,0.47,0.93,39.46,0.89,1.26,20.69,0.7,1.0,28.07266570135856,10.563601793384585,0.9523074413325421,0.9282110190078143,0.8471140507355558
54,GE,56.15,1.51,2.17,58.14,1.03,1.77,61.54,1.25,1.35,13.424990764427609,12.381361737197548,1.7954882914213806,1.576853311197541,1.502728829820768
55,PM,41.4,0.86,0.96,37.59,0.91,0.94,19.05,0.72,0.97,3.746597915975127,2.059866250841904,0.9250571531476283,0.9640855385510136,1.006435569546915
56,AMAT,51.02,1.48,1.3,46.5,1.01,1.53,45.45,1.11,1.36,15.590272294338964,20.269738355543716,1.1735286412075372,0.992801216309329,0.8857666312947202
57,UBER,62.88,2.71,1.77,62.3,1.08,2.25,56.25,1.44,1.35,9.151202174514133,7.382137997664563,1.5963531423935002,1.4119766728075107,1.0470508833575107
58,HON,42.65,0.53,0.96,39.2,0.88,0.97,13.64,0.77,0.98,8.331405049539509,3.1952245297660644,0.9322487863056967,0.9641626531427557,0.9304306541333358
59,ISRG,53.56,1.51,1.1,48.85,0.93,1.19,40.0,1.03,1.22,32.51484272018204,19.51725841776595,1.0947184273056376,0.9043509771855226,0.8407918374709006
60,COP,45.25,0.98,1.47,42.18,0.97,1.06,35.0,0.81,0.94,8.080965323812881,2.3765118229380002,1.444199063260635,1.442899776500474,1.6172534933447733
61,RTX,40.15,0.66,1.01,38.21,0.93,0.85,25.0,0.77,1.06,9.5534261582829,2.414099670326383,1.0054432960612847,0.9002444338767843,0.8351477794791315
62,T,51.04,1.27,0.89,53.54,1.02,0.9,46.67,1.2,1.0,1.889601712398814,0.3877002031935133,0.8695850442178914,0.8473806599541225,0.779218428208838
63,GS,45.0,0.89,0.95,46.15,0.92,1.1,21.05,1.08,1.01,20.501103751905934,4.4904846778672525,0.9430156066686614,0.8653430250432416,0.8425444146160532
64,NKE,47.06,0.96,0.6,41.29,1.01,0.86,53.85,0.78,0.95,10.25298867128394,2.280557744726323,0.6280425529378373,0.719033594738336,0.574012876294129
65,LOW,48.99,1.14,0.93,46.67,1.0,1.05,47.37,1.04,1.14,12.444659794255996,9.997234723093339,0.855471292850117,0.8032793153049279,0.8379970103791011
66,BKNG,48.44,0.9,1.41,47.48,1.04,1.62,56.52,0.84,1.02,319.64544966986693,123.54319292420557,1.52465994404118,1.380363780862258,1.2813062300812976
67,NEE,48.21,1.47,0.64,48.25,1.02,0.73,47.62,1.21,0.93,8.591771304709141,2.260445156134084,0.6239523780396949,0.6563740654769983,0.7525363656166041
68,BA,52.58,2.17,0.93,46.97,1.1,1.2,56.52,1.12,0.81,17.41945024068283,11.990919385601437,0.9792631754280003,1.1638346636709547,0.9601647260632082
69,PLD,49.33,1.26,0.84,49.62,0.91,1.12,30.77,1.06,1.03,7.704257125699634,2.6426728931107157,0.8228571163201184,0.7581987558684734,0.762298157496482
70,MDT,40.46,0.6,0.8,42.14,0.93,1.03,25.0,0.88,1.02,5.029231862615084,1.3693834517805672,0.7988532601875258,0.7527023431757471,0.7782686674196382
71,ELV,48.75,0.89,1.1,50.0,0.79,0.99,23.08,0.94,1.05,15.695122879173836,13.706122002431226,1.1045681117061754,1.0553506004503337,0.9662788664595394
72,AXP,45.51,0.75,1.29,42.47,0.98,1.24,26.92,0.8,1.2,10.586364516622488,14.022747062875881,1.2238350352729308,0.985196663123187,0.9194747095306127
73,SYK,39.93,0.45,1.29,34.33,0.91,1.16,22.73,0.66,1.22,13.710552151666926,20.40326172903874,1.2310904884625489,1.0603377269990102,1.0556216035500898
74,VRTX,51.78,1.57,1.86,49.09,1.0,1.43,44.0,1.18,1.01,28.46133161579326,8.448837107908918,1.9062021207006938,1.6124132786540573,1.5865861310358995
75,MS,49.02,1.1,0.83,46.1,1.01,1.06,52.94,0.9,0.95,6.7317909594119545,2.441144646895059,0.8238058472070716,0.8018415189066067,0.8508536089281916
76,LRCX,54.65,2.19,1.34,46.31,1.01,1.74,40.62,1.25,1.3,88.43713465869538,76.74378212679902,1.2803090127666346,1.027022458194347,0.8927668882219979
77,TJX,42.16,0.56,1.25,35.83,0.96,1.15,38.1,0.71,1.05,5.58375653393443,2.1514288815290503,1.2871480504271944,1.1883471939302162,1.1983837458098991
78,BLK,47.56,0.85,0.91,43.71,0.91,1.09,32.0,0.76,1.07,47.20773284352209,15.006797418650953,0.8691590321147595,0.8278166658814518,0.7576045407251074
79,C,45.16,0.65,0.9,42.96,0.97,1.14,39.13,0.84,1.07,3.600904607394086,1.6102870675298557,0.8490328911607904,0.7557792303501849,0.6705456720762901
80,SBUX,49.83,1.19,0.8,46.21,0.95,0.89,57.14,0.99,0.98,5.108760560362463,1.3925414535541827,0.8517157289147314,0.8591561918875572,0.8469888300559683
81,DE,50.0,1.19,1.01,50.0,0.95,0.93,41.67,1.07,0.95,22.757600221766513,12.936694746993805,1.0269331244306568,0.967949598366193,1.1065204742458985
82,PANW,53.12,1.6,1.6,54.29,1.07,2.07,51.72,1.29,0.98,41.53091310509528,31.68674822125555,2.157824329701654,1.7495036889723075,1.3734159870463367
83,PGR,45.59,1.03,1.94,50.0,0.84,1.24,25.93,1.11,1.22,11.641817497565592,10.171938769113044,1.7885669016324932,1.6163860509341228,1.375880897807042
84,UPS,50.0,1.18,0.71,49.32,1.03,0.89,56.0,1.04,0.98,14.820762506302728,6.014393575365917,0.6731096646233367,0.715035206028068,0.7291638240918373
85,MDLZ,42.22,0.69,1.08,42.86,0.95,1.1,41.67,0.96,0.98,3.779490634711707,1.414521080249744,1.1011286911862062,1.0875846495426842,1.081414656291455
86,ADP,45.8,0.71,0.99,46.77,0.86,0.97,17.39,0.97,1.04,13.256274783133758,7.175662619561303,1.019743062276899,0.9654497188187587,1.008688578159671
87,REGN,49.19,1.08,1.57,46.9,0.9,1.26,42.11,1.02,1.06,44.676908388617385,22.46303305363491,1.545702103675458,1.4003436975279684,1.3367108718512082
88,CB,45.0,0.68,1.27,48.44,0.92,1.01,21.74,1.0,1.1,12.139716406365457,9.678576294572949,1.2637902251547,1.160830257224601,1.094575941630159
89,BMY,41.04,0.73,0.87,47.71,0.93,0.72,31.82,1.0,1.03,7.227079540520023,1.312156891634888,0.8017061084335507,0.8129727579781847,0.9428617547717638
90,ETN,45.6,0.82,1.74,47.18,0.98,1.47,50.0,1.14,1.28,26.279503237906603,21.24426938600938,1.6211360117286029,1.3825381649923025,1.2781405885642028
91,GILD,43.92,0.78,1.04,45.22,1.0,0.98,48.0,0.91,0.9,3.3365169893678495,5.125023727806261,1.0202187938371903,1.1192355729056223,1.0472234275771184
92,ADI,53.02,1.12,1.12,45.52,0.94,1.14,51.85,0.84,1.04,9.471323457361283,3.8652228338688337,1.110908578081669,1.0878382107712012,1.023753905419847
93,MMC,38.01,0.66,1.23,34.09,0.9,1.13,25.0,0.77,1.07,11.894717347757634,4.558429387778132,1.1840263888054618,1.203410118106592,1.1829494642398422
94,CVS,46.44,0.94,0.72,48.72,0.98,0.88,50.0,1.03,0.93,6.81635027271408,2.3728897925985293,0.7318055328874892,0.7056284945044438,0.6779173106490589
95,LMT,42.53,0.79,1.2,39.83,0.93,0.96,21.05,0.81,0.94,18.45155935671199,13.518700100363953,1.1782093745847977,1.2476311971786815,1.1874913587341025
96,MU,48.77,1.33,1.01,45.59,0.96,1.52,42.42,0.96,1.19,6.94042452904484,4.614986787857246,0.8881046378547859,0.8112934049528188,0.7317832954107376
97,SCHW,45.57,1.33,0.75,45.26,0.95,0.8,35.0,1.27,1.0,10.142904276695537,1.7996278740638,0.7044241838239703,0.7177634543347742,0.6431747576611343
98,BSX,43.01,0.57,1.55,41.8,0.91,1.24,22.22,0.73,1.17,2.9051519914351434,3.1701475551282354,1.5009166112760495,1.2820806953588315,1.2144821434752766
99,AMT,46.78,1.33,0.73,43.7,1.0,0.98,40.91,1.07,0.97,16.796318485796217,8.687277698178049,0.6876260211333994,0.7251476854633385,0.6348976403242589
100,BX,52.9,1.88,1.01,50.0,0.92,1.57,44.44,1.08,1.03,12.197597103844277,3.351511847606349,1.0219305091262065,0.9061149101350893,0.9153993958037476
101,CI,48.99,1.24,1.47,53.98,0.89,0.98,21.05,1.27,1.13,18.183729651207187,16.481285738417373,1.4356193240232267,1.2717959175905058,1.223060405509672
102,ZTS,52.79,1.22,0.81,46.43,1.09,1.3,68.42,0.91,0.94,10.561004004707758,5.023434178979522,0.8765103571608674,0.8505241887600091,0.7980188245960407
103,FI,41.16,0.54,1.39,34.38,0.94,1.29,34.78,0.7,1.15,7.75551810202935,5.661666552981379,1.3232109699774226,1.233853261405175,1.111926577506809
104,TMUS,46.01,0.81,1.44,45.19,0.93,1.16,33.33,0.9,1.01,6.505846067310749,1.393629611219782,1.4219709443539803,1.406628141991557,1.2345256932541864
105,SNPS,51.84,1.24,1.62,44.93,1.06,1.53,57.14,0.85,1.16,62.198271964897394,30.47769743294934,1.6297912227227362,1.6064478122512271,1.303181456959139
106,KLAC,53.61,1.66,1.62,54.68,1.03,1.45,41.67,1.19,1.27,60.13207538862362,51.77381083158833,1.5068175552081995,1.301015676881087,1.0585985068720458
107,CDNS,53.14,1.44,1.73,45.8,1.08,1.62,54.84,0.88,1.2,27.515262086037392,16.951107145241828,1.7495232591266685,1.5380258345072673,1.3282669533230826
108,EQIX,50.65,1.32,1.12,46.32,0.98,1.17,47.06,0.97,1.14,40.47041026312177,37.648904585975295,1.0504891848278155,0.9855516989790437,0.9445637480709
109,SO,45.66,0.98,1.01,46.72,0.96,1.0,37.5,0.92,0.96,2.6102392076835867,1.7048019425448542,0.981516876328597,1.0337392271312333,1.0407803851249522
110,CME,41.35,0.81,0.94,34.96,0.94,1.18,40.0,0.81,1.06,14.027287101310488,7.459265776974484,0.9024067958040781,0.9421833099721526,0.9088309023136062
111,DUK,48.87,1.13,0.92,49.18,0.98,0.94,41.67,1.05,0.96,4.618340229829805,2.6279809850497027,0.8866647248268354,0.9218644082302136,0.9182863912736433
112,ICE,47.39,0.88,1.03,45.67,0.94,1.2,34.78,0.84,1.11,5.87668978499875,5.345119216974223,1.010591467825547,0.8796150806495302,0.8643991426762141
113,SHW,48.86,0.97,1.01,44.19,0.92,1.22,42.31,0.92,1.15,23.884927187512748,13.087020544757506,0.9285713961064727,0.8781723050525172,0.7743060028054137
114,ITW,41.82,0.53,1.05,46.62,0.86,1.17,24.0,0.87,1.01,9.913968841781765,3.4679552043546065,1.032999426886346,1.0168430331129525,0.960134118086312
115,MO,39.64,0.68,0.85,37.9,0.98,0.91,36.36,0.84,1.01,2.0824176002051833,0.5870648529392889,0.8180706018554539,0.8435651976360236,0.8841525505488247
116,CSX,44.48,0.76,1.01,43.51,0.96,1.11,30.0,0.86,1.1,1.4482876193138554,1.3891291734316813,0.980334795177728,0.8828062789732737,0.8264682301011539
117,SLB,47.06,1.37,1.52,43.66,0.98,1.02,42.86,1.0,0.96,4.803853079698419,1.5205329832549568,1.4155142575751163,1.4744438782421057,1.840348832634909
118,BDX,42.19,0.81,0.98,34.15,0.94,0.93,25.0,0.67,1.0,13.267991789244812,3.394671698901026,0.9923097608620691,0.9634869714307793,1.077068310560703
119,CL,39.04,0.63,1.04,41.07,0.93,1.0,22.73,0.85,1.1,2.6468099760268293,2.514504172196661,0.9833863129907091,0.9260044043188826,0.8701543075783069
120,WM,41.46,0.62,1.26,35.19,0.95,1.14,31.58,0.74,1.16,7.657991418161979,10.867283642513057,1.1494826360463113,1.0748021488609543,0.97279366319126
121,MCK,48.06,0.87,2.13,46.72,0.99,1.28,47.62,0.87,1.1,38.6089064024604,16.559706362304688,2.0215726052561114,1.863467801001764,1.7229435828424269
122,EOG,45.17,1.02,1.25,41.78,1.0,1.0,50.0,0.77,0.95,7.940895270839312,3.1611636581245475,1.164656579222682,1.2340849507289933,1.3831149134061707
123,PYPL,56.78,2.18,0.31,55.71,0.95,0.75,54.17,1.19,1.01,8.37647161859349,2.0805463465217704,0.3082034112981299,0.3080987735570629,0.32928742716171433
124,CMG,48.03,1.22,1.63,48.12,0.95,1.62,34.78,1.13,1.2,233.64928193428167,172.28935143972092,1.6016015004247919,1.408584833690198,1.1766748710340875
125,ANET,53.85,1.59,1.97,56.16,0.99,2.02,48.48,1.43,1.19,31.095912151838593,14.032319391293521,2.0369970052453876,1.6577238896551663,1.3415548778273492
126,USB,47.73,1.13,0.74,47.45,0.99,0.93,42.31,1.12,1.01,5.811093359538196,1.1617224738737,0.6836821506246542,0.6882763390823813,0.5912880675400681
127,TGT,55.15,1.56,0.72,53.28,1.04,0.91,53.85,1.11,1.22,20.12125862094334,8.615138692218549,0.6257419820005323,0.5793227344360122,0.5096297445063439
128,PSX,49.04,1.0,1.9,46.9,1.02,1.35,58.82,0.89,1.1,10.953266467183937,6.711966017625131,1.85388830632393,1.5937380896916558,1.55848284871902
129,NOC,44.7,1.13,1.16,41.8,0.96,0.9,38.1,0.93,0.97,18.54075146555107,11.48935097307859,1.1459231331227233,1.2072092792996123,1.1096501167538195
130,MPC,52.74,1.32,2.65,52.99,1.09,1.43,56.25,1.17,1.14,15.002057979444649,8.108003509596207,2.506562562162522,2.114289931854124,2.30555968097181
131,ABNB,57.74,2.74,0.97,58.57,1.05,1.5,57.14,1.72,1.24,13.167199065353064,8.35265918101857,0.8641393359693159,0.8228922748272242,0.8346018764915399
132,MCO,45.08,0.61,1.0,44.22,0.97,1.32,40.91,0.72,1.03,26.2191865915965,9.967366314503433,1.0489295698646512,0.9852435295219081,0.8890154649946928
133,ORLY,49.06,0.99,1.55,46.92,1.03,1.14,55.0,0.82,1.15,55.79464558726123,48.285041945785956,1.4678475914929117,1.3919669152870162,1.3298085382845704
134,TDG,49.84,0.88,1.81,49.64,1.05,1.54,68.18,0.93,1.2,91.71943973586244,65.75890936763422,1.738878567310109,1.55332821319003,1.3510084736349897
135,HCA,46.13,0.8,1.25,42.86,0.96,1.09,27.78,0.66,1.2,17.219800649914752,15.47430187035146,1.1769317257247354,1.0104891501193582,0.9824797998528937
136,APH,41.56,0.63,1.27,38.89,0.94,1.23,33.33,0.8,1.16,5.920194300981319,5.161831029627523,1.2134378816291083,1.1001498533779261,0.993776728050894
137,PNC,47.37,0.84,0.7,47.1,0.93,0.93,45.83,0.97,0.99,15.434723335800854,3.1795094528062355,0.6844689642421031,0.6524156121252421,0.5775163308057982
138,GD,43.13,0.82,1.28,38.71,0.98,1.05,37.5,0.78,1.06,13.249563967470644,8.74544622402036,1.2739448750797748,1.1940579736112542,1.0579108634877008
139,AON,43.02,0.9,1.08,36.8,0.95,0.96,42.11,0.75,1.09,12.564753751882227,8.433989745902544,1.0621538356875124,1.1297448758581545,1.153090766957054
140,PH,46.71,0.83,1.66,47.06,0.93,1.52,34.62,0.92,1.19,43.4494562913263,31.077314190503778,1.608998861665359,1.3604183895432562,1.221639226369432
141,MAR,52.04,1.58,1.49,52.82,1.06,1.46,60.0,1.19,1.14,17.68064139213556,9.224833522857416,1.4702697003088723,1.290816035996975,1.19445270660738
142,TT,43.23,0.95,1.46,43.17,0.93,1.35,44.0,1.06,1.21,19.614489723572287,16.28013202039004,1.4125128330328525,1.2272820888421474,1.0447692088591747
143,ROP,38.25,0.5,1.16,32.52,0.93,1.2,31.82,0.62,1.03,35.0748808308844,8.441312710436602,1.1703675461111347,1.1559044107104133,1.0616811293477049
144,FCX,51.12,1.15,0.95,47.27,1.01,1.06,55.17,0.69,0.96,3.1279451804428673,1.3873258333954244,0.8863582267586296,0.8877816563297274,0.9534993397813631
145,APD,46.03,1.06,0.81,42.86,1.0,0.88,36.36,0.95,0.89,12.250229617923488,18.534074673632833,0.7342194458586164,0.8928594761499257,1.0003673279895469
146,FDX,49.84,1.26,0.93,45.45,0.99,1.36,54.55,0.92,1.0,24.307847566629594,4.324507252811689,0.9158581849051174,1.0305764447983894,0.9410743256405598
147,NXPI,57.18,1.64,1.08,57.05,0.98,1.37,48.28,1.2,1.17,18.00018739600903,15.480279380173883,1.0029201183013214,0.9409971635570284,0.855799362154166
148,ADSK,54.14,1.69,0.91,47.41,0.97,1.21,46.15,1.03,1.11,11.955835731999649,9.552134853067303,0.9586253651654887,0.8193680593874544,0.7675329896782814
149,PXD,47.19,0.84,1.27,47.26,0.97,1.04,35.0,0.77,1.05,15.396056470474576,6.5836697513976725,1.1878921093201942,1.1516102059027136,1.2300292779213586
150,GM,55.06,1.48,0.6,53.74,0.92,1.02,38.89,1.06,1.12,3.6480636126732677,2.0261351887303234,0.5865531278719757,0.5083662801176277,0.5071493951319727
151,MSI,46.05,0.98,1.27,40.48,0.97,1.21,45.83,0.84,1.08,17.424417989792943,7.2255395031864085,1.249584705068569,1.2422960975068935,1.0853474590081371
152,NSC,49.36,0.96,0.88,47.06,0.95,0.93,46.15,0.91,1.11,16.87532709121103,11.158551885393836,0.8646511969855194,0.7541734641416905,0.6926235207563952
153,PCAR,45.94,0.87,1.85,47.2,0.97,1.45,44.0,1.01,1.21,8.39470977863445,6.852268080634227,1.7146323088892852,1.5790920123967376,1.3956760732229359
154,CTAS,45.0,0.79,1.47,46.67,0.91,1.31,26.09,0.88,1.08,40.419968181346626,16.359577610480624,1.4542588788919228,1.327938742874733,1.2108160198661824
155,EMR,43.17,0.49,1.15,42.86,0.94,0.99,37.5,0.79,1.16,5.627670250745477,6.136539546535414,1.0769069704306233,0.9437545728199939,1.039444836763761
156,LULU,48.12,0.93,1.21,41.55,1.02,1.55,48.28,0.78,0.92,49.98244944266531,14.070198264965716,1.234809046768456,1.322540791476042,1.0052255401399663
157,MMM,47.1,1.13,0.52,52.31,0.98,0.86,38.1,1.23,0.87,8.517328109817845,6.7486733600462285,0.5154524980754013,0.5690506574368333,0.560617007771967
158,COF,52.27,1.13,0.91,49.66,0.93,1.36,39.13,0.86,1.05,10.230134915186287,3.6321182689726768,0.8942772320686759,0.7958319932047658,0.6786636187448805
159,ECL,44.52,1.02,0.96,35.94,1.01,1.31,47.37,0.84,1.14,13.19570083185775,11.319340719067387,0.8681427176118945,0.8308852247725999,0.7527729129990235
160,AJG,47.12,0.92,1.5,40.65,0.95,1.19,47.83,0.85,1.12,18.883864442947807,6.512075682549436,1.426506640303036,1.4787672888293957,1.3922834068430974
161,TFC,50.17,1.18,0.6,52.34,0.9,0.81,40.0,1.08,1.03,6.655065290394961,0.9780196692471329,0.5748195834754285,0.5469125791282031,0.45982358906061044
162,HLT,47.83,1.07,1.32,44.85,0.96,1.4,45.0,0.98,1.15,11.356147401484003,8.184678351718356,1.2321107680807983,1.145037151471065,0.9833290203155368
163,AIG,50.33,1.09,1.26,54.26,0.9,1.07,26.09,1.01,1.08,4.963674692285058,2.072572943913644,1.1715254702810514,1.1347457109871557,1.0454237339860302
164,AZO,52.31,1.28,1.48,50.0,1.04,1.05,58.33,1.05,1.2,103.24213461057452,162.4246624168807,1.2883066939069823,1.279293354164163,1.2124024024305973
165,TRV,41.95,0.68,1.37,42.74,0.92,1.02,22.22,0.93,1.14,8.852425372687025,9.942336277032,1.349056603773585,1.155094362654776,1.0493711075692806
166,WELL,47.1,1.0,1.04,46.85,0.98,1.29,41.18,0.96,1.03,5.990562777333347,2.454189462208038,0.9945541668837878,1.0052189594696852,0.9619923020499302
167,EW,50.87,1.53,0.72,44.8,1.04,0.96,55.56,1.07,1.26,7.803077584911484,6.398390309688006,0.6647118816321714,0.5643912788306582,0.5703339024905031
168,ROST,49.47,1.15,1.29,41.48,0.82,1.14,21.74,0.8,1.08,9.26421640899065,4.7882446835054,1.2890596535569994,1.1969776649414905,1.0398550226306336
169,MSCI,49.85,1.33,0.93,47.1,0.92,1.16,33.33,0.93,1.0,30.43055629155132,17.85670653213112,1.002182223904536,0.8898550491199138,0.9018152055420536
170,VLO,52.52,1.49,1.9,52.7,1.07,1.12,65.22,1.13,1.12,10.122856632021325,6.554565109064454,1.822188175595209,1.539931196487466,1.8632020736093216
171,CCI,51.25,1.38,0.56,49.19,0.93,0.79,40.0,1.08,0.99,16.849110426802714,2.6261449400003514,0.5362354924501638,0.563789288458075,0.4824635257186275
172,DXCM,61.54,2.77,1.06,56.69,1.11,1.05,60.0,1.59,1.12,13.242164820451753,5.272424195619265,0.9406757891546226,0.9304468277971536,0.7441388284948752
173,HUM,46.24,0.91,0.74,47.58,0.92,0.94,28.57,1.04,0.73,24.601435437405833,39.97285530314806,0.806727829925485,1.0500011170076111,1.0327458094927562
174,F,53.5,1.88,0.5,50.34,0.94,0.98,40.0,1.27,1.04,1.1796058791704296,0.5141809506962493,0.5215960750200798,0.45907034523167933,0.5076100544500579
175,MCHP,54.41,1.38,1.02,54.43,0.98,1.19,48.15,1.14,1.05,5.399282085123678,2.812359310330514,0.9767920572657269,1.020121208547713,0.891162637022947
176,NUE,49.18,1.73,1.59,46.72,1.01,1.29,38.1,1.05,1.05,11.322309905632073,8.185217190987519,1.593405601540972,1.3988211747990287,1.3211753529694716
177,CARR,51.97,1.16,1.08,52.03,1.02,1.31,64.71,1.05,1.06,5.438660944068361,1.2344827260745441,1.0406911675794674,1.0466369778978621,1.0105908528066943
178,SPG,47.28,1.17,0.93,42.97,0.97,1.16,40.0,1.03,1.08,9.82985226738501,4.294014927849499,0.9015216377929638,0.8251933305851659,0.7010062768132405
179,O,50.52,0.96,0.73,53.91,0.95,0.89,27.27,1.04,0.92,5.274771601364371,2.4710234856773647,0.7302421913014976,0.754048436570745,0.7436678137333748
180,SRE,46.77,0.91,1.06,43.86,0.89,0.98,21.74,0.89,0.94,3.238826821053692,2.1576984701569635,1.0369874332165352,1.099203708532022,1.0941431094363072
181,PSA,49.12,1.16,0.8,50.39,0.97,1.09,56.0,1.09,0.97,16.709225123060683,6.782448397681564,0.7782100328032824,0.7478837380843877,0.7393365087398923
182,AFL,40.07,0.6,1.36,40.35,0.96,1.16,22.73,0.82,0.99,6.007306233021911,2.580671292206144,1.2999335819246485,1.4016284155263883,1.2781654665815914
183,TEL,45.1,0.87,0.86,38.93,0.92,1.17,34.38,0.82,1.02,6.881857516739844,4.883713098140732,0.8776579465443162,0.8255650762744198,0.7735940866592838
184,MET,42.33,0.63,1.09,43.94,0.89,0.92,28.57,0.97,1.06,5.829682292324904,1.437597186621075,1.0394209649268735,1.0040036109803125,1.0209424169883372
185,DHI,53.36,1.73,1.45,54.89,0.97,1.61,44.44,1.27,1.04,14.905878266503363,4.773808778839044,1.3706961973978078,1.3223609670596637,1.0706583535229877
186,IDXX,53.18,1.81,0.93,49.29,1.08,1.27,55.0,1.18,1.05,35.524017561322886,20.12892845542534,0.945145581786275,0.9002675719546362,0.7437316271744064
187,BK,40.69,0.41,0.92,41.18,0.89,1.09,12.5,0.79,1.07,3.280169798255025,1.0985521232477269,0.9112211651999386,0.8235973779558082,0.739273933417542
188,DLR,54.32,1.84,0.88,52.46,1.12,1.29,70.59,1.28,1.12,13.895290968150343,5.789593806187066,0.8704832079319355,0.7982139933990778,0.7572890521321968
189,URI,57.76,2.23,1.95,57.82,1.02,1.49,48.0,1.83,1.24,54.41810382608671,50.964603339279975,1.8737214625823575,1.4681494481223587,1.3069232761049971
190,WMB,41.14,0.4,1.35,37.31,0.95,1.12,47.62,0.6,0.99,2.351969566852911,0.8388863752272034,1.2726252457209304,1.2868362057571257,1.2875841660389082
191,CPRT,50.83,1.11,1.5,45.8,1.01,1.51,61.11,0.99,1.17,5.315321457703177,2.3508326078608435,1.39364909796452,1.351491940368333,1.2162606567169167
192,FTNT,53.42,1.21,1.11,51.09,0.94,1.2,51.61,0.87,1.23,7.881968054866394,4.011998904649159,1.0933134802663964,0.8542869515780713,0.9382566499938956
193,AEP,47.84,1.14,0.95,50.0,1.03,0.87,52.0,1.1,1.01,6.488817905861401,2.811322660525469,0.8647490393977108,0.9024252523746006,0.9050197628424481
194,KMB,39.03,0.66,0.88,33.88,0.93,0.89,31.82,0.73,1.03,7.465854348325117,1.9097537839497831,0.8366620119544943,0.8503491566908247,0.8737430545602949
195,SYY,46.91,0.67,1.0,46.34,0.99,0.98,22.22,0.71,1.07,3.9465116169375887,2.4833038631274613,0.9835559563943488,0.9101137872162925,0.8756182257638663
196,ALL,45.61,1.05,1.3,47.83,0.89,1.04,29.63,1.13,1.08,11.609455324920948,3.9672429264681637,1.3211425939727846,1.191777461270256,0.9167010933156287
197,MNST,47.64,1.01,1.21,48.36,0.99,1.13,38.89,1.06,1.03,3.111358255725526,1.4095454746643679,1.1389400667880365,1.1418047975575945,1.1514221749051614
198,CNC,54.22,1.57,0.96,56.48,0.9,0.97,27.27,1.4,1.02,4.047616385615644,1.8974958878093346,0.953749384369603,0.9415391540932528,0.8369511479754347
199,NEM,49.08,1.39,0.56,50.32,1.06,0.78,51.72,1.14,0.85,4.867966929415067,2.612988162812811,0.542611298195193,0.6250206895088946,0.6697004967123408
200,OKE,49.85,0.97,1.26,46.67,0.98,1.11,41.67,0.79,1.08,3.4088349749858255,2.764169953283472,1.1244299543938663,1.07589569897243,1.1105863313808795
201,STZ,42.91,0.66,1.01,43.8,1.01,1.04,57.14,0.97,1.07,15.506660827415256,4.2860643623926515,0.9526708453932302,0.9262764971622609,1.0239198593554415
202,GWW,48.13,1.09,1.86,48.06,0.99,1.46,43.75,1.07,1.2,64.71570730635204,56.45988923974564,1.8425847094887293,1.5775550051715768,1.333045202629647
203,LHX,50.76,1.17,1.0,49.18,0.94,1.01,36.84,1.04,1.02,12.69663643373195,3.4869951952483285,0.9805149372647074,0.9359843124158177,0.8183262902575257
204,PAYX,44.19,0.93,0.9,42.42,0.93,1.0,29.63,0.93,1.03,5.794016752006269,1.772366199438279,0.9164245719128259,0.9427187900081471,0.8663686968982774
205,AMP,48.48,0.92,1.3,44.97,0.88,1.22,36.84,0.94,1.08,22.466380476538664,12.133259802057227,1.2479251106583662,1.1639525484644548,1.0911720360419828
206,FAST,44.21,0.84,1.21,38.35,0.98,1.29,44.0,0.77,1.22,3.8733820136498673,3.8631623575249723,1.1233754947233185,1.024867627009892,0.880956172538636
207,CEG,54.37,2.14,3.79,53.45,1.23,1.39,53.85,1.24,1.47,15.841809369683867,20.817598427718536,2.937111070421007,2.544222174750434,2.4608888414171006
208,HES,50.0,1.28,1.79,45.64,0.94,1.08,47.37,1.04,0.98,9.885472677875994,3.521565909096833,1.7504928648807592,1.6609166703955065,2.0034499601609506
209,COR,41.9,0.52,1.81,37.72,0.92,1.29,30.43,0.72,1.13,15.170646331822274,9.261964392073654,1.7561662710834913,1.5526035018316704,1.3628958430835205
210,CTSH,47.58,0.85,0.84,46.36,0.96,1.27,38.46,0.84,1.04,4.417972654206393,1.757733196605261,0.8433603152303648,0.7881208104884064,0.7681032884176575
211,D,51.92,1.34,0.61,53.72,1.04,0.77,61.54,1.24,0.99,5.9189559200089965,1.3911218870822537,0.5723431707588453,0.6101152683334305,0.6226632780822535
212,IQV,50.16,1.28,0.96,48.18,1.05,1.06,46.67,0.92,1.17,14.088140114965023,16.109860508803173,0.8136629228571152,0.8107915940958612,0.7806615043479893
213,A,46.6,0.91,0.98,36.76,0.93,0.86,45.45,0.7,1.13,14.154226223426138,4.83157925478867,0.8819365975575442,0.851841994883527,0.7453535327845457
214,OXY,41.95,1.12,1.82,40.91,0.93,0.99,19.05,0.8,1.0,2.666916125761183,1.5963772581412756,1.7216896159898207,1.6641700856661212,1.9868183814461724
215,PRU,49.84,0.9,0.98,49.29,0.96,1.02,33.33,0.87,1.08,7.418528599578109,2.498184086637139,0.9285023540684547,0.8986017160132813,0.8698443800762966
216,GIS,41.67,0.83,0.96,39.47,0.97,0.8,44.0,0.86,0.98,8.725919218457957,0.9692086777386854,0.9182501209757444,0.9830608110735342,0.9736338056912655
217,DOW,44.59,0.77,0.97,46.27,0.94,1.04,36.0,0.89,1.04,2.8648171057170946,1.2803251107415046,0.9243280571735673,0.8700564942233231,0.9138846294737709
218,LEN,52.51,1.59,1.46,52.94,1.02,1.56,44.44,1.11,1.13,13.151928984121872,4.585128235760119,1.3596943578072114,1.2487115482145665,1.0399857825074812
219,AME,37.95,0.35,1.24,36.3,0.92,1.14,25.0,0.75,1.13,7.936175290012722,7.168072992951558,1.1533986188231358,1.1043877088252392,1.0436717437384024
220,CHTR,56.59,2.17,0.44,51.69,1.19,1.09,70.0,1.3,0.73,36.537302960736525,41.41103374583023,0.45437518145663675,0.5728420281384473,0.7112224309740859
221,FIS,50.8,1.61,0.61,47.45,0.98,0.87,45.83,1.16,1.16,6.419631957662666,3.0222445655530916,0.5393415175039334,0.5051087160384181,0.5000436403224586
222,YUM,45.19,0.8,1.02,40.0,0.96,1.0,37.5,0.83,1.08,5.267097742580073,4.0378295650415295,0.949074817761071,0.9330468632492951,0.9294040856782263
223,OTIS,40.92,0.45,1.13,35.25,0.94,1.09,38.46,0.61,1.11,3.3698201886465187,3.147313165460264,1.056367438431265,1.032707024529096,0.9439804945178438
224,JCI,47.94,0.87,0.77,43.97,1.03,0.85,50.0,0.85,1.1,5.750500168072707,2.3553657184245314,0.6908140718177332,0.6620612528161527,0.7164551157210357
225,BIIB,53.96,1.29,0.92,55.17,0.97,0.97,32.0,1.11,0.85,21.695183687674326,14.180479659895893,0.9968973647736901,1.0302403412393764,1.0478633497237126
226,IT,48.28,0.93,1.43,48.3,0.92,1.28,48.0,1.03,1.08,39.46489852801486,12.067534142479513,1.4332271227390538,1.4242601957310872,1.087876016784715
227,PCG,49.45,1.47,1.33,43.1,1.0,1.13,33.33,0.98,0.92,0.7583611939607592,0.5261686846374397,1.3062701405251418,1.4252411688337077,1.3906752267372262
228,VRSK,47.86,0.96,1.07,40.65,0.97,1.31,36.84,0.73,1.0,24.091412660400184,4.948467595995708,1.1302485249596097,1.0971902920984962,1.1104496728681548
229,RSG,38.74,0.59,1.35,31.82,0.9,1.28,31.82,0.76,1.13,11.336418652030924,7.423594467018012,1.270244568511325,1.2093278368326248,1.0906428812186295
230,ODFL,56.61,2.2,1.21,46.09,1.08,1.33,62.96,1.06,1.11,39.717826538910444,22.353092820191566,1.2263507045444093,1.0767929979276967,1.1545438719186794
231,EXC,46.04,1.05,0.91,49.59,0.97,0.83,42.11,1.01,1.02,1.8213159848175409,0.9269266510975039,0.8321992748354777,0.96991542874297,1.0203294667273315
232,GPN,50.99,1.46,0.89,51.52,0.92,1.21,38.1,1.15,1.03,8.814641971401283,3.379518231671978,0.9351578549769697,0.8486557408009737,0.8478306350921738
233,CSGP,50.0,1.36,1.11,41.98,0.98,1.06,40.0,0.92,1.04,6.2587863175278375,1.9473851189588298,1.0743086095127254,1.096924273277468,1.0302404245327341
234,CMI,45.58,0.93,1.18,48.12,0.94,0.99,46.15,1.02,1.13,12.500847193238858,13.85830329678717,1.1047343018456366,1.029660806450857,1.0457636457732866
235,EA,45.59,0.72,1.0,41.18,0.97,1.09,53.33,0.74,1.0,7.8451343533958156,2.3685845206362655,1.0357248548892024,1.033662400627076,0.8883323759124674
236,MRNA,64.23,3.91,0.44,60.98,1.19,0.61,50.0,1.47,0.95,32.21703637825689,7.019295279315187,0.37505365389928647,0.3348494024415634,0.4468377262531574
237,PPG,46.71,0.93,0.82,42.07,0.93,1.12,32.0,0.72,0.97,7.5595701726635625,2.435600730980032,0.8150657041229471,0.8488758838959855,0.7736642656535128
238,XEL,51.61,1.29,0.75,50.86,1.14,0.9,45.83,0.97,0.8,4.3722798102223965,3.863995649989828,0.8508116985830216,0.8945443526469601,0.8481790163649781
239,KMI,41.46,0.62,1.08,38.46,0.97,0.99,47.37,0.79,0.99,0.6359252933197406,0.45977339677442114,1.0018094503488273,1.0386006871286753,1.0265380299205251
240,IR,45.21,1.08,1.49,42.31,0.97,1.39,47.83,0.93,1.21,6.097788807519222,5.63100510351672,1.4142245497555146,1.222588081727971,1.093019386813495
241,CTVA,42.61,0.54,1.14,42.54,0.96,0.81,42.31,0.82,1.14,5.637104930919472,4.091538784094063,1.122043080604784,0.9380364442933223,1.0858278927115805
242,HAL,52.32,1.77,1.42,52.38,0.94,0.95,36.0,1.12,0.99,3.9373166426935704,0.9698220754798835,1.357058509924963,1.3543058676133557,1.6767596884758942
243,KDP,39.02,0.57,0.78,36.51,0.92,0.91,36.84,0.79,0.89,1.8644427696827963,1.0082996173934238,0.8360172040192537,0.8768115845583587,0.9031133398208444
244,MLM,46.31,1.08,1.35,39.23,1.05,1.39,60.0,0.93,1.24,47.20321549238288,35.63725038809203,1.1939480487164245,1.0886729474542765,0.9694910626650262
245,ED,45.68,0.97,1.06,46.73,0.98,0.96,36.36,0.94,0.97,3.56477848733609,2.099139980611421,1.0481345919634293,1.0795575148771845,1.0776744542697851
246,VICI,45.61,0.73,0.97,42.42,0.93,1.02,32.0,0.78,0.9,1.7649474049640632,0.8775111147889094,0.9857379664803876,1.0192371453082734,1.0232172726963893
247,EL,50.91,1.23,0.4,48.91,0.92,0.53,41.38,1.03,1.08,49.083785623571664,7.783533411370196,0.38546765445164705,0.3673156610511782,0.4146721965861936
248,ON,57.55,2.51,1.11,59.29,0.93,1.28,37.93,1.52,1.0,10.726784878038895,3.1008709754855937,1.1388302540830435,1.1048626182018544,1.3333333691773308
249,ACGL,53.28,1.28,1.94,57.76,0.91,1.23,44.0,1.26,1.14,6.702975080083019,3.866608659117923,1.8493241105513274,1.7788609988758772,1.7852868997990712
250,EXR,54.14,1.83,0.68,54.7,0.94,1.1,37.93,1.43,0.95,16.34412012731679,5.758214734703581,0.6470508924246746,0.627465118389723,0.5713254233782088
251,CDW,47.35,1.02,1.19,41.91,0.96,1.2,32.0,0.82,1.14,15.880405576870432,10.947042029369115,1.1782539277103063,1.045596454195628,1.0026906142577043
252,KR,51.52,1.44,1.21,51.46,1.02,1.03,36.36,1.06,1.2,1.8321043874906286,2.2369250153884743,0.9835391303514412,0.9584145929155194,1.0080139216213118
253,VMC,42.65,0.69,1.27,35.34,0.98,1.22,46.43,0.82,1.22,19.276927443926542,17.113350372719676,1.139980056958995,1.049256615101483,1.0055099210033505
254,RCL,58.47,2.84,1.55,58.82,0.89,2.23,34.78,1.58,1.09,18.68459100288553,3.686635170194958,1.4198835290183263,1.4603059852222382,1.164360298215057
255,EFX,51.12,1.59,0.95,52.14,1.02,1.14,33.33,1.14,1.16,18.11170803650415,10.50322060287894,0.8724484627841743,0.8211547593149086,0.6825741638839227
256,FICO,53.11,1.36,2.92,45.22,1.07,1.84,61.54,0.82,1.16,144.6133590365858,53.16937630499646,2.9693158792924095,2.6001390790595114,2.025704915142128
257,ADM,46.95,1.24,0.79,46.21,1.06,0.85,44.44,0.98,0.75,4.5817145752615325,7.337410489525442,0.7671727847642484,1.07852494845056,1.1451916224726322
258,KHC,41.96,0.88,0.94,43.52,0.99,0.92,38.89,0.93,0.91,2.8653837447649737,1.1215675502556297,0.9745326840803309,1.0094824837596317,0.905445632812391
259,ROK,49.34,1.25,0.86,47.79,0.98,1.17,39.13,1.09,0.97,20.068224874881803,14.45351125225966,0.8262896967552548,0.8268434782709244,0.841533097784954
260,HSY,44.44,1.05,1.0,42.98,0.93,0.86,41.67,0.96,1.01,27.942112952224893,3.411880145701933,1.0030277960384,0.9478086927173854,1.0903212873262234
261,DG,50.57,1.18,0.67,53.78,1.0,0.54,36.0,1.03,1.2,44.25482216831832,7.148686985550171,0.5785622955904972,0.5307231510437972,0.4863500434160544
262,PEG,48.76,1.26,0.97,45.86,0.99,0.99,34.62,1.03,1.04,1.8950106878963375,2.1197928347147785,0.8852856502518487,0.9469617169479507,0.929383297718315
263,BKR,44.9,0.69,1.2,39.39,0.96,1.22,47.62,0.64,0.9,2.896044084726058,1.2604185026911623,1.1355998160478156,1.2622117641446782,1.4247752585802738
264,ANSS,50.33,1.36,0.86,43.94,0.93,1.41,39.29,0.87,0.98,24.386799376834233,7.229041929835894,0.8751725733512334,0.7577601143609353,0.7975454066988072
265,PWR,49.83,1.55,2.08,49.61,1.02,1.46,31.82,1.31,1.2,20.217509316480776,16.640315992816696,1.808953920362522,1.7672836984571676,1.7021092927337884
266,RMD,50.85,1.65,0.74,46.67,1.02,0.79,54.55,1.25,1.14,33.17700661432701,7.452730815101604,0.7284959087131393,0.66181342373652,0.5762705241668535
267,WST,53.66,1.77,0.84,45.08,0.98,1.4,58.33,0.97,1.06,39.693869874314714,21.316065579217348,0.9548718290173368,0.8106526550435242,0.919813534040829
268,FTV,44.52,0.81,1.15,40.44,0.9,1.09,38.1,0.77,1.2,4.654396309895235,5.796576800209896,1.119534234105179,0.9615540292176777,1.0350615438146908
269,FANG,45.66,0.82,1.54,42.86,1.06,1.23,56.52,0.82,1.14,11.017949507690924,12.769694907108173,1.2729866558557972,1.2406040995707697,1.3109060277466749
270,DLTR,54.9,1.38,1.05,52.17,1.0,0.97,60.0,1.12,1.08,16.069451918280517,6.004893892544608,0.9928119383223889,0.9034944268115103,0.7884136581750939
271,KEYS,45.64,0.85,0.78,35.48,0.93,0.88,35.48,0.7,1.02,17.571929817673364,3.320250600522223,0.8184029376416063,0.7568402647712245,0.6726286967443252
272,DVN,49.55,1.61,0.97,51.32,1.01,0.79,43.48,1.05,0.99,5.348970707429917,1.6427585615748543,0.8726395359996247,0.9093579582741272,1.0386068014787835
273,CAH,46.12,0.92,2.19,49.11,0.86,1.36,26.92,1.04,1.1,9.74671600155262,3.184626305401604,1.9952471481510974,2.0519012060100486,1.6762357552600398
274,XYL,45.42,0.91,1.08,45.39,0.94,1.01,31.82,0.89,1.14,6.866304646819237,6.371895183488602,1.0522306437128215,0.9137391429024444,0.808262131354371
275,DD,47.38,0.64,0.87,43.07,0.92,1.09,36.36,0.77,0.93,3.2866290720987474,4.521835390661384,0.8199660716558568,0.8590986536901025,0.9059849521425113
276,DFS,52.34,1.08,0.99,45.33,1.03,1.09,50.0,0.81,1.09,11.050447997892672,7.39393284555666,0.892722792974669,0.8400653744897257,0.7233851104914715
277,CBRE,47.0,1.08,0.86,39.29,0.91,1.12,42.86,0.92,1.06,6.502750192213104,3.0947844447057675,0.7846781564561207,0.7461468791903739,0.7155938179633432
278,ZBH,40.29,0.67,1.0,37.7,0.93,0.94,26.32,0.83,1.05,11.009301099942611,2.3788052407035343,0.9696718970833288,0.9274263723367467,0.9635916732634258
279,HIG,42.05,0.55,1.37,39.37,0.94,1.06,34.62,0.73,1.19,3.4663019419263605,5.148086936496924,1.2820837951578175,1.1267823732231201,1.0344486058017004
280,TTWO,49.27,1.41,0.79,45.76,0.92,1.48,37.93,1.05,0.91,16.115359786813514,7.781406105293832,0.8516218189114704,0.8642111172235747,0.7769654017222384
281,MTD,53.35,1.33,0.8,48.15,0.98,0.77,60.87,0.93,1.15,179.61180411372777,45.39875111244847,0.7158460098535362,0.6794597964713568,0.6917469566679513
282,EIX,51.45,1.42,1.04,51.22,1.05,1.08,68.18,1.14,0.97,2.914113864980322,2.331673266692772,0.9704514583049629,1.0142493565880917,1.068246635319051
283,WEC,48.67,1.11,0.85,50.85,0.96,0.91,37.5,1.01,0.94,5.140652530631551,2.704979770547483,0.8090767270350644,0.8662493489941417,0.9043296993747876
284,WTW,43.89,0.67,1.15,36.97,0.97,0.98,44.0,0.71,1.14,15.119302761016707,13.928336473569342,1.139062250962617,1.032764936457088,0.8729627003894836
285,DAL,55.93,1.75,1.04,58.22,0.97,1.13,38.46,1.33,1.09,4.449551526258371,1.5836285036892954,0.998029026096232,1.016013834033885,0.9581177443570158
286,AVB,45.56,1.03,0.73,43.65,0.9,1.12,25.0,0.88,1.02,8.906280505865455,4.074103406395686,0.6845014433407992,0.6852853762040401,0.7133113797840419
287,HPQ,51.91,1.31,0.78,44.2,0.98,1.1,54.17,0.85,1.03,1.8477971587481439,0.7298469808906433,0.724999987835787,0.7711734427009613,0.696938754160769
288,GLW,42.59,0.46,0.86,34.9,0.96,0.88,30.43,0.61,1.09,2.6213860815511425,0.9562527806428895,0.842936130764737,0.7737437817972995,0.8305709310420929
289,ULTA,50.0,1.28,1.29,47.86,0.97,0.98,42.11,1.08,1.14,51.643415024349814,29.703753867669263,1.2481014879670047,1.1774132165006277,0.9740889911664167
290,CHD,45.27,0.86,1.02,43.64,0.98,1.13,38.89,0.87,1.11,5.259945106167656,2.281215177942706,0.9706344738486429,0.9277155702964937,0.9344922589968897
291,TSCO,48.26,1.38,1.06,54.2,0.95,0.96,25.0,1.18,1.18,13.240918951531022,10.736739483806119,0.9948370664200292,0.9111299207414725,0.8865425424784212
292,TROW,54.46,1.52,0.6,51.05,0.97,0.95,38.46,1.04,1.11,7.413275610653172,3.188918203856023,0.5449467224883526,0.5092251081221929,0.5588868684947601
293,SBAC,52.45,1.39,0.61,48.46,1.0,0.85,65.22,1.19,0.9,27.469361305907505,13.49294160484258,0.5885616899730847,0.6484328827614007,0.5822010801666713
294,BR,48.97,1.03,1.13,47.24,0.99,1.44,55.0,1.0,1.03,18.916877878576003,3.6866464648748645,1.10195485217135,1.073489441631606,1.024311896835481
295,AWK,53.93,1.28,0.66,47.93,1.01,0.85,52.94,0.94,0.89,10.569331091462162,4.7815679625941305,0.6810834811913014,0.7302976263321356,0.7714858966758342
296,WY,46.33,0.83,0.85,38.97,0.85,1.09,34.48,0.9,1.02,1.8060886935019893,0.6756787137962145,0.8099293905016174,0.7461669441118537,0.7846191666766467
297,LYB,47.59,1.09,1.02,44.81,0.94,1.12,43.48,0.86,1.02,3.689688533470503,2.3664291646003703,0.9839109161167106,0.9450288584840938,1.0368193041309128
298,WAB,45.0,0.8,1.46,42.65,0.9,1.23,29.63,0.87,1.14,7.813989705133104,5.476023396766911,1.3989764272785925,1.227226256612858,1.1065507061133708
299,FITB,48.4,1.32,0.78,47.01,0.96,1.02,48.0,1.04,1.07,4.164601487993697,0.9281366393347029,0.7225682144382484,0.6555722758580693,0.5825638681243501
300,APTV,54.6,1.53,0.45,46.79,0.86,0.88,39.13,0.78,0.93,10.811562779818098,2.685223174856941,0.4762789236710584,0.4671041130325258,0.5887578853539643
301,MTB,47.16,1.24,0.87,47.2,0.98,0.92,44.0,1.13,1.06,12.903892825891347,3.8176436673035403,0.8129878160430164,0.8034146006514387,0.7725000148866235
302,STT,46.36,0.81,0.74,49.66,0.91,0.97,26.92,0.87,0.94,7.568085785111605,1.8207098293987427,0.7408461814888012,0.7640358317712292,0.7247762648231757
303,ILMN,59.24,3.18,0.36,61.31,0.9,0.64,39.13,2.02,1.04,40.268148987694566,4.333708878115917,0.3701794010109583,0.3159308304263118,0.38245249023643996
304,PHM,48.97,1.36,1.98,46.77,0.91,2.12,34.48,1.02,1.12,13.749230305361944,3.0868545598267323,1.8116323800835399,1.6866982625397866,1.3463363723777309
305,NVR,49.47,1.28,1.32,44.35,0.97,1.49,41.38,0.82,1.1,509.3631019329845,247.46841968535762,1.279793735980545,1.1234707126319512,1.0527915574720577
306,WBD,67.91,4.07,0.33,70.99,1.08,1.09,58.33,2.56,0.77,1.6062794695917064,0.8816113722296688,0.3603738446101964,0.4198130669994889,0.4358878447630695
307,HWM,48.97,1.2,2.02,41.22,1.09,1.33,61.54,0.83,1.28,4.115595113003014,5.16983885531436,1.7476886551604562,1.6146734673631191,1.404414013330166
308,DTE,47.64,1.03,0.95,50.81,1.01,0.93,45.45,0.99,1.02,5.750416869185791,2.771748817606201,0.8746021617044393,0.9207572516156863,0.8962975578970913
309,STE,52.78,1.56,0.95,49.21,0.94,1.12,44.0,1.13,1.09,15.508774747026102,6.476852617865237,0.91479034476423,0.8222385332840889,0.9303312058414099
310,PTC,46.37,1.01,1.51,46.88,1.0,1.36,44.44,0.92,1.11,12.724677541842244,5.5958708872159875,1.4934747828905162,1.3814844798137482,1.1685971130146706
311,BLDR,56.83,2.45,2.34,57.75,0.93,2.39,41.94,1.54,1.25,26.595224637528748,12.5907887506013,2.169632472533018,1.7512292149904833,1.5114727625607685
312,EBAY,53.24,1.43,0.77,56.49,1.06,1.01,47.37,1.14,1.16,2.4833687564617364,2.833150145705979,0.6513662987832087,0.6311022566095458,0.6740865867184819
313,ETR,47.84,1.05,0.93,46.02,0.96,0.94,35.0,0.99,1.0,5.171891988342689,1.9990100500121197,0.8802120598734705,0.9129223351212956,0.8876707392422657
314,DOV,43.04,0.77,0.94,42.66,0.91,1.09,30.77,0.97,1.15,6.165422074414714,8.080688575740464,0.8846090136080448,0.8017303384277805,0.7909296181947794
315,FLT,50.16,1.23,1.24,45.99,1.03,1.51,57.14,0.98,1.05,25.34563019571959,8.071950633136776,1.1523708910283852,1.0883877817521734,1.1594941889900554
316,RJF,53.59,1.46,1.12,52.34,0.97,1.04,44.0,1.09,1.1,8.12366820884249,3.993856434982589,1.0687505771375525,1.0198158426378612,0.996930000853862
317,MOH,51.7,1.39,1.29,57.14,0.95,1.2,37.5,1.29,1.04,29.993979944398596,16.754192983078312,1.2787721599846418,1.245245798335781,1.0824504749532757
318,IFF,50.0,1.15,0.53,47.89,0.98,0.74,43.48,1.02,0.98,13.860739918101586,2.080891315315223,0.5340727308462838,0.5108231081363765,0.45029399267724884
319,EQR,47.83,1.15,0.69,42.74,0.96,1.01,36.36,1.02,1.05,3.5511027721814052,1.2956942861961827,0.638048787104082,0.6306775100832063,0.6745799408372501
320,EXPE,52.99,2.31,0.73,54.67,0.97,1.59,44.0,1.53,0.94,15.7517419225309,7.897853756683436,0.7072881483730213,0.7815720380810391,0.5704267176406983
321,GPC,49.5,0.91,1.08,50.77,0.84,0.79,37.04,1.13,1.11,13.446758855556029,4.357159456671154,1.0202365427675577,0.9664387090068174,1.0550805984611609
322,IRM,55.59,1.91,1.6,46.92,1.03,1.3,56.0,1.05,1.23,4.93298061232573,4.738697717125238,1.3523152168161177,1.3093595457781713,1.2427586146763392
323,TDY,49.31,1.02,0.95,43.09,0.93,1.08,27.27,0.92,0.97,17.4549720157655,6.297547127083777,0.9686440184475796,0.9386493682865226,0.937466546479748
324,HPE,49.21,1.39,1.07,48.55,1.05,1.04,43.33,0.96,1.06,1.052025915952261,1.0018839528589079,0.9197860732270016,0.972667909295429,1.0101010146800113
325,BAX,42.26,1.21,0.5,44.44,1.0,0.73,45.0,1.19,1.15,4.340064813736562,1.5543219693332533,0.4494318095120517,0.41693180257623846,0.44011363116177643
326,NDAQ,46.73,0.98,0.91,46.09,0.96,0.91,40.91,0.95,1.07,3.6832564264163326,1.0343042184022662,0.8701048375940866,0.8232939294194258,0.7754192002157674
327,DRI,46.91,0.66,1.13,47.97,0.96,1.12,53.33,0.92,1.07,8.527494264610503,4.757406630808689,1.1059366550923992,1.0625329508302652,0.9835092354924251
328,CBOE,37.14,0.13,1.48,35.14,0.95,1.4,40.0,0.54,1.07,17.884335295749143,5.8669983222046636,1.4594766173596907,1.4190725634710328,1.2065536697520214
329,PPL,47.55,1.13,0.91,46.22,0.95,0.92,46.15,0.98,0.98,1.6774698077818644,0.6533307154050632,0.8626209081917858,0.8726242172731503,0.8559519930712174
330,ALGN,60.0,2.75,0.5,56.03,0.94,1.14,55.0,1.64,1.22,50.47419467169128,19.570122381554597,0.4753327908856255,0.3487890957830042,0.5217642459089314
331,INVH,43.1,0.78,0.78,45.04,0.91,1.15,29.17,0.97,1.03,1.6237410297467758,0.7510344003322589,0.7327719679179995,0.7431863532399441,0.7684466980807922
332,FE,48.48,1.12,0.93,48.33,0.95,0.89,33.33,1.01,1.01,2.1300099144433835,0.7242517714497101,0.9082278410485922,0.9001946906993822,0.8950827365827223
333,ES,50.95,1.2,0.68,50.0,0.97,0.75,64.0,1.05,0.93,8.92260185183399,2.789881123205154,0.6220160642819867,0.6811856488317161,0.727344737633933
334,TRGP,47.12,1.06,1.91,40.69,1.06,1.24,66.67,0.71,1.18,6.327737967825058,6.978509078384345,1.6018024287070112,1.5530624259749106,1.575501293818766
335,ARE,53.38,1.58,0.58,50.75,1.02,0.85,53.57,1.19,1.01,18.39794276823977,3.809002752879909,0.5262204197721616,0.5295715902667697,0.5086495605894555
336,LH,44.11,0.89,0.87,38.66,0.85,1.1,19.05,0.82,0.96,10.926025873078885,4.036383502749547,0.8927836991059898,0.8725688470304607,0.8068704706827086
337,WAT,52.17,1.24,1.0,51.11,0.97,0.87,60.87,0.98,1.16,27.982313442324823,14.15404079842211,0.9057546196999138,0.8355265157687282,0.7670660526903221
338,CTRA,49.52,1.37,1.26,47.89,1.05,1.08,50.0,0.93,1.02,1.513928288476446,0.7385863185127315,1.1610128467629022,1.1667462838142015,1.3330147736133038
339,VTR,50.91,1.27,0.83,49.6,0.98,1.06,50.0,1.09,0.89,3.0017505734760275,2.191882857215481,0.8545420387094409,0.8770645760674136,0.8200075005197954
340,AKAM,46.83,1.16,0.95,44.44,1.04,1.35,42.86,1.02,0.95,13.350670679052243,6.6820333425185385,1.097221125888601,0.9861479678541211,0.9028644642429612
341,COO,50.0,1.39,0.97,48.41,0.95,1.07,37.04,0.97,1.12,5.865752903389831,2.9943054724635685,0.903117520631932,0.8159712464403477,0.8092565742328013
342,EXPD,47.33,1.22,0.93,48.46,0.97,1.2,40.91,1.12,0.95,5.8516749082915105,3.6559980567210664,0.9792403736819555,0.926649230396691,0.9053513932825661
343,WDC,56.27,1.72,0.93,52.05,0.98,1.52,46.88,1.18,1.25,4.6605587868967335,4.163989332452653,0.8402839010191594,0.733806520503179,0.6455190735419671
344,STLD,48.54,1.36,2.07,49.28,0.87,1.21,33.33,1.08,1.1,8.67125415547483,6.666373885980365,1.9677266524404244,1.7914042836191364,1.5445528952032646
345,GRMN,47.7,0.76,1.06,42.19,0.96,1.3,42.86,0.83,1.14,8.530382073070818,6.796149314854278,0.9228868000572105,0.9398067821812265,0.8014524008515768
346,BRO,49.12,1.24,1.23,46.34,0.96,1.21,38.46,0.95,1.23,6.236113524098723,4.664044518660336,1.171874953433873,1.095920095340937,1.06090854914905
347,HBAN,49.01,1.13,0.82,50.76,0.99,0.87,46.15,0.96,1.08,1.703271553655678,0.3539347297759144,0.7567073253703077,0.7225610156771268,0.6457317316411584
348,HOLX,49.04,1.03,1.09,43.24,0.97,0.93,31.58,0.85,1.06,5.384778717702033,1.2242232927928511,1.0427374999742727,0.9938946428608182,1.0222916326568416
349,NTAP,47.59,0.82,1.1,42.31,0.94,1.39,36.67,0.79,1.2,7.849737220021181,5.7418207603891664,0.9538216707532253,0.9363057304206,0.8085987328725351
350,FDS,47.69,1.05,0.99,43.75,0.94,1.12,36.36,0.89,1.03,20.797797987707412,8.06189224441868,1.0108580725894125,0.9592346873885974,0.9083943623543582
351,LVS,50.15,1.9,1.33,47.45,1.0,0.98,51.85,0.97,1.02,5.2382619359323765,2.036890778534896,1.3869632473750275,1.2371961205337774,1.270305245840268
352,AEE,46.18,1.14,0.83,52.25,0.97,0.83,40.91,1.11,0.99,4.900449599310705,1.8796002836361967,0.7797071441646433,0.8848030705303793,0.9156735869514582
353,CLX,52.61,1.49,0.89,54.17,0.92,0.98,23.81,1.09,1.1,12.559239616912006,5.137782255043383,0.8724870444978938,0.8106384150950349,0.8126886492647469
354,HUBB,50.68,1.4,1.88,51.18,1.07,1.38,68.0,1.28,1.24,35.36488170281617,22.106263608368494,1.7327446766855608,1.5228162232901998,1.528353233610531
355,OMC,49.12,1.27,1.21,47.5,1.0,1.01,44.44,1.07,1.08,7.034472809322195,1.8310689491164867,1.1201006368908115,1.111758511871983,1.0254238067225354
356,LUV,49.52,1.11,0.77,53.38,0.89,0.81,38.46,1.21,1.25,3.97214801031333,2.2558866333022647,0.7274966813585755,0.6786833759404668,0.6511419620031893
357,VRSN,50.71,1.09,0.76,46.61,0.95,0.98,25.0,0.89,0.95,8.558267481507833,4.40155940538551,0.7921575317843211,0.8657509240088763,0.7975083139473245
358,CNP,45.82,0.98,1.03,49.49,0.93,0.98,33.33,0.97,0.97,1.1381608554034377,0.5816462405834968,1.0029143869392552,1.0568305800577082,1.0619307398302884
359,TYL,53.08,1.83,0.81,48.72,1.02,1.27,50.0,1.01,1.03,32.70947507763493,10.704025069767837,0.8472756047931268,0.7832962222182612,0.749615774483251
360,AXON,54.58,2.34,2.06,54.2,1.1,1.47,53.85,1.48,1.26,18.78545606261035,22.49194008656411,1.7885289473368824,1.5970563658741717,1.3740347186560582
361,BALL,50.16,1.64,0.73,51.8,1.0,1.06,45.83,1.31,1.17,3.6199226647392146,3.193297734415794,0.6573713672330693,0.6357071421251657,0.5717142302317443
362,CINF,49.15,1.53,1.01,44.19,0.97,0.99,48.0,1.14,1.11,6.768476602244841,2.8688055370664323,0.9408156333112793,0.9040089786123163,0.9369276347235148
363,RF,49.05,1.0,0.83,47.52,0.96,0.86,52.0,0.79,1.05,2.447218751565833,0.5396117683636047,0.7601351253389007,0.7288851354072527,0.7516891472830753
364,PFG,51.62,1.25,1.06,51.88,0.92,0.93,34.62,1.02,1.02,6.971943329790254,1.1040350626056459,1.034117880295591,1.0091245012820753,1.017455694880729
365,MKC,48.09,1.14,0.71,48.76,0.98,0.81,45.83,1.07,0.99,9.329343680635573,1.4096468784209348,0.6699482023407141,0.7013471534215107,0.8281865095227493
366,J,44.37,0.9,1.03,42.11,1.0,1.01,52.17,0.92,1.16,7.906211409073932,6.967699129505229,1.0208348029261336,0.9021396236436617,0.9345492695102426
367,ATO,48.87,1.11,1.09,47.06,0.93,1.05,44.0,0.95,0.98,3.603983778997907,1.944078142072637,1.0644645053304165,1.0700168893510211,1.0775456211002654
368,SWKS,54.82,1.24,0.66,48.99,1.03,1.13,64.52,0.8,1.01,8.149028688663183,2.011523275290124,0.6514728871426841,0.6615193684895834,0.6108527131782946
369,CMS,47.74,1.08,0.93,44.04,0.97,0.92,45.0,0.87,1.02,2.947411671420779,1.2621511650704857,0.8681115039580143,0.8973684611451815,0.8825077348008226
370,WRB,47.47,0.85,1.54,44.12,0.97,1.0,32.14,0.94,1.16,4.774887070084867,4.357209882655262,1.4638050932522806,1.333030220548202,1.1824300232357945
371,CCL,62.46,3.93,0.75,63.01,0.89,1.87,40.0,2.02,1.0,3.1828704484959784,0.8111592276480827,0.7045559476363008,0.8200644302908386,0.6921307077167659
372,EG,51.89,1.25,1.35,55.28,0.97,1.07,40.0,1.14,1.01,19.17883986763516,6.61136733053295,1.2964415879206441,1.4517169786758322,1.408619496445972
373,TXT,46.98,1.0,1.19,42.42,0.97,1.1,33.33,0.85,1.17,5.1494427934346385,4.214573460665816,1.1224095019691673,0.9966533385498789,0.9799201295023149
374,STX,51.7,1.57,0.8,42.86,0.96,1.53,44.83,1.14,1.15,7.108363886639179,4.478986006863009,0.7706430464498095,0.7122047892108443,0.5536114912547027
375,NTRS,47.06,1.3,0.65,47.14,0.94,0.9,33.33,1.06,0.99,9.428813195128384,1.7930545125100614,0.6356960421906496,0.6422413782603665,0.5727969574987668
376,JBHT,55.6,1.77,0.97,56.56,0.96,1.1,36.0,1.3,1.05,10.550774647130373,8.226060206856516,1.03813925661791,0.9293074849480565,0.9358566546791929
377,WBA,50.74,1.65,0.4,57.02,1.09,0.68,59.09,1.51,0.83,5.633754119983165,1.2449857984998036,0.4158563941937568,0.4287584237368327,0.4149214795062378
378,AVY,43.48,0.76,1.0,36.84,0.93,1.05,33.33,0.74,1.1,9.022321563987338,7.545143046579843,0.9483605317199005,0.8842626634629239,0.8429047866960205
379,SYF,53.33,1.53,0.87,46.21,1.06,1.13,56.52,0.78,1.13,3.000204810080909,1.4423114103176686,0.8041943452023805,0.7392026284658318,0.6673587934277265
380,JBL,51.58,1.6,2.12,48.18,1.01,1.93,57.69,1.23,1.19,19.487736471444055,9.175542762280967,1.9605835668045037,1.685369616816902,1.4985271490968173
381,EPAM,57.77,3.1,0.5,53.62,1.06,0.84,65.0,1.32,1.09,39.700968115190264,9.86939187290054,0.4626884628455615,0.4463157292458428,0.41921091610934064
382,IEX,44.48,0.68,1.01,43.28,0.96,0.93,32.0,0.91,1.12,11.413722314746988,11.96103112812465,0.9689198064222578,0.881283941038309,0.9016643884087367
383,TSN,52.31,1.14,0.6,51.75,0.94,0.85,47.83,1.1,0.99,5.6426518741590534,1.1290494930658657,0.5872236016689236,0.5603082159478202,0.6019656128519425
384,FSLR,50.68,1.8,1.85,49.25,0.92,1.14,42.31,1.3,0.96,22.41116983583268,7.660796373852307,1.7357928748726832,1.6028872118828346,1.9218607680933262
385,SNA,40.96,0.97,1.34,36.43,1.04,1.22,36.36,0.93,1.04,15.524182319165117,9.673397781882235,1.1880573742628182,1.2680520027048447,1.18018019449378
386,CFG,48.14,1.27,0.67,54.17,0.97,0.79,44.0,1.35,1.07,5.792921508094009,1.0969273819424539,0.6131983775543416,0.5705664799566504,0.5333852479705505
387,MAS,55.8,1.46,1.1,51.45,0.96,1.32,51.85,1.09,1.2,4.860747379247927,4.102705416508376,1.0341831869701545,0.9163936359047722,0.7836490695800573
388,LDOS,44.36,1.07,1.4,44.8,0.91,1.03,30.43,1.04,1.2,7.85454865262987,7.82729153477705,1.2356334585662334,1.1864388919773858,1.01839358393476
389,ESS,46.74,1.0,0.69,48.57,0.96,1.13,33.33,1.0,1.01,12.814857898770981,6.839989916506413,0.6443653083179846,0.6382244833413372,0.6276813589397001
390,DPZ,52.31,1.24,0.83,49.18,1.05,1.16,47.62,0.99,1.11,34.43755614411056,14.132171294096722,0.7941450700043375,0.7413129125699485,0.7179606496125212
391,PKG,40.97,0.9,1.35,37.01,1.0,1.25,45.83,0.96,1.14,11.182587276277768,6.761634344213779,1.2195175202472182,1.1717743021339753,1.099398691168872
392,TER,54.52,1.36,0.64,51.06,0.97,1.16,53.33,1.19,1.04,7.44976787956116,4.001410337378364,0.6149176256525201,0.5790359028162452,0.5815602794601554
393,LW,49.2,1.35,1.6,54.87,0.98,1.2,45.0,1.26,0.96,7.741423676964478,2.887537531274014,1.5928910433860048,1.6357030357578155,1.5655608162488026
394,MAA,46.88,1.06,0.59,48.06,0.88,0.84,37.93,1.1,1.02,13.33507942420815,3.724574217716799,0.5476054223022043,0.5612823677206453,0.5965961740896379
395,CE,54.1,1.54,0.9,50.34,0.99,1.38,48.0,1.08,1.03,12.08137661686158,3.0296886575937885,0.8649088425120622,0.820943269347681,0.7492159686805764
396,EQT,54.78,2.01,1.67,56.74,0.93,1.17,40.0,1.24,0.97,4.372487446274596,1.4538860987225426,1.5319054915129369,1.6068718682160819,1.8380186928678437
397,K,44.03,0.96,0.88,41.94,0.99,0.87,38.1,0.92,0.94,5.069631179966638,1.077748474169914,0.8722531218539481,0.8812218737045668,0.9211452885671445
398,CF,49.47,1.49,1.19,47.37,1.02,1.0,44.44,1.16,1.02,6.389961933694213,2.3482064427402882,1.0977084893294125,1.0427386620682213,1.1424153700824968
399,SWK,56.51,2.08,0.48,58.45,0.96,1.2,39.13,1.67,0.97,6.746466698209451,3.2379557893162216,0.46279532641804794,0.48183995214498027,0.45296079909117387
400,POOL,55.24,1.77,0.75,47.76,0.96,1.23,50.0,1.14,1.11,21.21294469137732,11.016026609785445,0.7031405982952468,0.6397461295416187,0.6302714676385703
401,DGX,47.15,1.05,0.8,43.0,0.93,0.9,27.78,0.93,0.91,7.189908043066004,5.180281703671913,0.8011378022038437,0.8812263359759718,0.7951327644884953
402,ENPH,56.31,2.95,0.73,52.55,0.95,0.49,53.33,1.6,1.06,45.26841161137034,9.831352460306638,0.6869531190221503,0.559905768332415,0.6571685240313947
403,VTRS,58.75,2.04,0.85,55.93,1.16,0.97,66.67,1.18,1.08,0.9069153121446983,0.5965647901375017,0.8128044814331157,0.6868475966710196,0.6833681122497908
404,BBY,57.38,1.79,0.75,51.43,1.03,0.92,48.0,1.07,1.04,6.093558676607792,2.2332407872422393,0.7190412679569056,0.6963096776627958,0.6718660814126208
405,CAG,46.27,1.25,0.82,46.15,1.03,0.76,40.91,1.04,0.96,4.0138081166593,0.7293752776517729,0.8011695616165616,0.8657894722165678,0.8397660430603464
406,AMCR,46.79,0.86,0.78,45.07,0.99,0.8,38.46,0.89,0.97,0.9561023941721822,0.2589912058216804,0.7539354276348433,0.7821043760615257,0.7688483817402731
407,KEY,50.97,1.51,0.6,55.56,1.01,0.78,56.0,1.41,1.05,3.0657485508996416,0.3975903850074995,0.5596293518979887,0.5245769789626052,0.4580983088380174
408,NDSN,47.19,1.07,1.06,46.21,0.96,1.06,29.17,1.08,1.05,13.617972667121128,7.043375887116105,1.0539298214043344,0.9508275242593335,0.9249620040047154
409,UAL,64.51,2.79,0.94,68.29,1.08,1.0,58.33,1.75,1.1,5.634696957925741,1.9983918202420103,0.9152432828336149,0.8886486156566723,0.9649729960673564
410,HST,50.49,1.43,1.17,52.24,0.94,1.21,31.82,1.1,1.07,1.063287818618847,0.5210893036346209,1.0932440028208739,1.0390843533725993,0.91680626556044
411,SJM,46.9,1.15,0.86,44.55,1.0,0.82,58.82,0.98,0.92,15.994527782667696,4.070090707679721,0.9229991684031976,0.8998339889646048,0.9148444103524993
412,ALB,58.15,2.86,0.49,55.7,1.39,0.63,72.41,1.65,0.84,43.75559049377516,8.433523742822109,0.47728583521048895,0.5274136428216796,0.7487014335323366
413,MRO,48.75,1.17,1.4,45.52,1.01,0.98,42.11,0.84,0.99,1.7423162210257654,0.8205010605129934,1.2748438378669236,1.3259511398167731,1.5275410951841668
414,PODD,59.4,2.6,0.66,61.54,1.08,0.7,47.83,1.54,0.92,62.32507308092818,13.031871036949081,0.7038932979133807,0.721220991007494,0.62504113821033
415,GEN,51.28,1.75,0.83,55.38,1.01,1.03,40.0,1.4,0.98,2.0822148167984373,0.9897771987463803,0.8041431636528162,0.8421846046285282,0.7160075621526273
416,RVTY,53.67,1.57,0.6,47.66,0.95,0.74,52.0,0.93,1.04,14.970727703917198,2.703794191696983,0.5656037277858602,0.4876533146507085,0.607740527219659
417,BG,51.03,1.39,0.98,51.49,1.05,1.06,65.0,1.16,0.92,7.241952657652712,3.198836299343163,0.9366338946247674,1.1041997101588703,1.2052258730180765
418,IPG,52.92,1.41,0.84,51.15,0.97,0.93,33.33,1.15,1.0,3.512079909740589,0.5750743186069418,0.8015624860301619,0.8158853822594729,0.7929687383584683
419,TRMB,57.43,1.86,0.74,55.4,1.04,1.0,52.17,1.4,1.25,3.816366985449725,4.90634101506224,0.6169662547875324,0.5650334838176339,0.6123839567396929
420,LYV,48.97,1.25,0.83,50.0,0.94,1.26,37.5,1.16,1.12,8.201302095854896,3.503910789194296,0.741633514529345,0.7460238290914524,0.6885354697323114
421,LKQ,52.19,1.4,0.86,50.0,0.96,0.85,47.83,1.03,1.1,4.419273145764013,2.093951899971933,0.8058496768216012,0.764162007091143,0.8423264279128361
422,IP,44.59,1.13,0.75,46.43,1.07,0.99,50.0,1.11,1.0,2.3741722913824583,1.305233587793699,0.7274602317623319,0.7437589917299695,0.7047658136394116
423,KIM,49.83,1.03,0.77,49.59,0.91,0.96,40.0,1.12,0.94,1.481480155832357,0.4808345938988672,0.7958779345235855,0.8034086732277042,0.73761398921936
424,ZBRA,58.97,2.63,0.48,63.16,1.08,0.96,46.88,1.68,1.12,33.96943035989906,15.514173718405281,0.43071818729317796,0.4073860020911501,0.4309053905180281
425,LNT,51.1,1.15,0.81,52.34,0.99,0.93,40.0,0.97,0.95,2.08080083040356,1.370086445746341,0.7893609904743141,0.8463438464511505,0.8595190641879344
426,ROL,48.29,1.22,1.34,46.72,0.99,1.14,57.14,1.01,1.08,2.80549069146445,0.9835451660894501,1.2829743383092864,1.2407789906866906,1.1271762009711777
427,JKHY,46.49,0.95,1.0,45.13,0.95,0.92,40.0,1.0,1.07,10.572931320130207,3.815809358115373,1.0072712068421157,0.9511049561097968,0.8885262749772463
428,PNR,51.14,1.52,1.13,49.62,0.99,1.46,44.0,1.24,1.19,6.452881728147916,3.163490094717074,1.0364598208228322,0.9372390467864706,0.9341775213365051
429,NRG,58.82,1.85,1.42,55.93,1.01,1.61,45.83,1.13,1.18,5.28528347762012,2.7013268625952764,1.2287658433680968,1.1426560765703382,0.9326607460391636
430,MGM,49.52,1.8,0.94,48.53,0.97,1.25,37.04,1.22,0.96,3.453231704211722,1.3506560288592555,1.0297422847977882,0.9554967947802099,0.8876404815443952
431,JNPR,42.81,0.58,1.07,41.86,0.9,0.94,20.83,0.63,1.24,2.0838311700250816,2.041243670602078,1.0586048960516792,0.8390509081062536,0.8084620084828487
432,EVRG,49.64,1.12,0.76,55.65,1.0,0.84,50.0,1.05,0.96,4.69424237230504,1.5815699961979446,0.7219770433572477,0.7553691664959836,0.7964106607259597
433,TAP,52.75,1.37,1.32,45.97,1.01,1.21,57.14,0.94,1.04,5.594269431993886,0.9515723972049933,1.2316972937181065,1.2975459873832598,1.317382334535366
434,TFX,53.22,1.81,0.67,52.0,1.02,0.94,41.67,1.22,0.93,21.959092512663325,9.850285716398838,0.7533702061950276,0.6966970866407347,0.6315050425385226
435,KMX,54.67,2.24,0.66,52.76,1.01,1.11,54.17,1.3,1.13,7.851990610902327,3.598580957688733,0.603826905756343,0.5325367250075733,0.6653479998063393
436,AES,52.63,1.78,0.66,50.78,1.09,0.69,56.0,1.34,0.86,3.890699702027551,1.0477334368633777,0.6732105754950408,0.7447852153884102,0.6985684822388794
437,TECH,57.28,2.17,0.66,56.12,0.98,0.85,50.0,1.5,1.07,7.663535344595076,2.4908546649323107,0.5807444001820804,0.591427704565163,0.6082646027058155
438,CRL,58.05,2.2,0.77,55.88,1.08,1.01,50.0,1.37,1.19,19.347414445664583,18.928496855249772,0.6389855601138918,0.605946465723512,0.6054864248678474
439,INCY,48.98,1.02,0.84,53.21,0.98,0.83,44.44,1.11,0.92,8.786621355129787,2.3146563763339905,0.8029522602387519,0.8614399486628107,0.8287146684968998
440,UDR,47.6,1.17,0.63,46.83,0.93,0.96,34.78,1.02,1.01,3.2837544394578173,1.1224501519115184,0.5818390919426742,0.5831551279658659,0.6241157765309084
441,FFIV,48.23,0.72,0.8,48.55,0.92,1.2,39.13,0.79,1.11,11.106899687309822,5.314671101415133,0.7778657997418409,0.7310129202956911,0.6703209739470958
442,ALLE,48.42,1.09,0.99,41.38,0.95,1.11,56.0,0.94,1.08,7.156161808385026,3.9266021931613393,0.9962991672434812,0.8289275306599104,0.7944109150594805
443,DAY,58.17,2.66,0.67,47.86,1.02,1.01,60.0,1.19,1.05,4.286479650159968,2.8653967305677868,0.7028935334186371,0.6676941605811175,0.7192999558258283
444,GL,43.59,0.82,1.27,44.54,1.0,1.01,33.33,0.95,1.02,5.645589186868577,2.7177441142803507,1.2931512807339887,1.2791868016409114,1.1340999860400645
445,NI,50.19,1.22,0.98,52.21,1.01,0.97,47.37,1.03,1.0,1.0309622585190454,0.627985344374509,0.9141925862700597,0.9478638490114693,0.9974655467036259
446,MTCH,58.17,2.36,0.25,48.94,1.03,0.85,56.52,1.19,0.95,5.7639743841849445,1.2497021416889105,0.26637585804150915,0.24080619811845375,0.32195232744440705
447,REG,46.18,0.99,0.79,42.62,0.85,1.03,26.92,1.0,0.94,2.905885349190311,1.4737689559619822,0.787567418624855,0.8251990687944831,0.8020806611018272
448,HII,50.61,1.2,1.55,47.79,1.04,1.12,72.22,1.05,1.14,14.690617996906694,15.455499363013137,1.4454587891516286,1.342973182491778,1.120270160037306
449,WRK,49.55,1.43,1.0,51.28,0.97,1.14,39.39,1.04,1.09,4.2098664089677555,1.9234578296372953,0.9285558133043671,0.8896657376763485,0.7983395357237603
450,PEAK,46.85,1.02,0.48,48.44,1.01,0.74,45.83,1.08,0.91,2.96010946975392,1.3384103069634667,0.47299509614733265,0.500272783113024,0.542280393985598
451,MOS,53.09,1.84,0.78,53.24,0.96,0.85,52.38,1.35,0.86,5.909084842613116,1.6130199245437191,0.7387654339825666,0.8585185298213253,0.9402469587914738
452,CPT,49.11,1.27,0.57,46.62,1.02,0.87,48.0,1.02,1.03,9.356998746724056,2.1435818761051326,0.5300589564553364,0.5336887169082815,0.5782100312687468
453,EMN,47.2,0.95,0.74,47.62,0.86,1.02,25.81,0.93,1.02,4.832710449857705,2.0938215533269164,0.6740340035159167,0.6935166886130416,0.6421905255113806
454,CHRW,47.31,1.29,0.66,48.74,0.95,0.96,42.86,1.19,0.83,6.81867793187128,6.684955874800135,0.6764812468468613,0.757383589004686,0.7956151647041723
455,HSIC,47.22,1.06,0.94,43.24,0.99,0.91,56.25,0.99,1.0,5.4459651605314345,1.5382691565048858,0.929868849089265,0.9118315089379783,0.9341574003395889
456,QRVO,54.35,1.24,0.72,49.66,1.07,1.16,54.29,0.83,1.1,6.551677442521202,5.467753104798295,0.7000311737684626,0.6623247034236273,0.6037395113060069
457,BBWI,61.59,2.82,0.64,59.12,1.02,0.91,64.71,1.55,1.03,4.589983512966092,1.6982591407762149,0.6347764820140129,0.5506033015732473,0.5122782358543222
458,UHS,49.82,1.09,1.31,49.6,0.92,1.05,42.86,0.97,1.15,10.251220220138428,6.453550660957816,1.213420983376564,1.0830218558025129,0.9522492402532808
459,APA,51.54,1.67,1.05,48.32,1.12,0.87,66.67,0.91,0.84,3.8738322030075554,1.4201898873255596,1.0139172358283215,1.160217290135317,1.449762403658173
460,AOS,49.17,1.16,1.01,46.97,0.97,1.3,51.85,1.09,1.09,4.820527251299834,1.9991463287664044,0.9479755388821195,0.9354991079732652,0.7904896938067832
461,NWSA,49.3,1.12,1.17,50.85,0.92,1.28,37.04,1.14,1.08,1.9212502188626455,0.9773850295683917,1.1527224763008346,0.9738822422043986,0.8818061063187699
462,BXP,51.58,1.36,0.52,58.52,0.98,1.04,41.38,1.48,0.92,7.70312658981033,2.9598008593937917,0.5178729940057571,0.5063342196843303,0.5272330846202845
463,CTLT,56.7,2.67,0.47,50.0,1.05,0.92,52.94,1.44,1.33,10.58469645611544,4.488325969835429,0.47400534414729656,0.31176863446463576,0.39443329043339986
464,CZR,62.66,3.79,0.47,63.04,0.83,0.99,33.33,1.95,0.94,4.708051928100649,1.608698388424253,0.49471930527808233,0.4829349649862094,0.5667593248676879
465,AAL,61.54,2.73,0.77,61.65,1.1,0.95,58.33,1.47,1.13,1.8465286111051684,0.7091380396547963,0.7823343720460917,0.7381703272316229,0.6892744133098033
466,PAYC,63.85,2.63,0.46,60.14,1.04,0.64,55.0,1.36,0.93,48.66063478112218,7.271466256337372,0.48485467723340514,0.48342563809907113,0.7045704175971645
467,WYNN,54.75,2.67,1.15,53.62,1.0,1.03,50.0,1.28,1.07,8.706783258977623,4.433123398023121,1.2069950971830015,0.9855984165321632,1.111098427912161
468,TPR,55.17,2.21,1.13,50.99,1.0,0.93,51.85,1.2,1.28,5.916656462534044,4.380302752592396,1.0084033244009276,0.8057623083744371,0.7291716621033791
469,AIZ,46.61,1.06,1.13,42.31,0.93,1.32,22.22,0.95,1.05,15.828095432348933,5.280688091081935,1.1061873932844886,1.0781666121571742,0.8893114865865537
470,CPB,47.49,1.22,0.96,49.15,0.93,0.8,38.46,1.09,0.95,5.551728026741472,1.0341863587544675,0.9517226358797879,1.0061196841409836,0.968268410129768
471,HRL,46.8,1.15,0.7,49.22,1.0,0.71,52.38,1.09,1.05,4.261378520750914,1.5917661673885168,0.5929402256921621,0.6459906331704945,0.7798409004211423
472,MKTX,56.76,1.7,0.55,60.66,0.97,0.97,45.0,1.63,0.77,52.730348567498304,27.341117906915677,0.5662702794056605,0.6688388880479924,0.5759058699425106
473,RHI,45.51,0.83,0.73,42.25,0.92,1.11,32.14,0.81,0.97,5.10979286965097,1.0885858565616924,0.7234953034835686,0.7465002236436395,0.6611680830763841
474,FOXA,50.0,1.38,0.76,48.28,1.05,0.96,57.89,0.93,0.96,1.7652634771818556,1.0739660135907974,0.7840400184536099,0.7663945073987242,0.8372399234528826
475,BWA,49.07,1.3,0.76,44.2,0.94,0.93,46.15,0.91,0.94,3.427419243408768,1.4842371081743886,0.753699113066363,0.7807185014150542,0.9693803652215833
476,ETSY,63.05,3.58,0.36,55.81,1.05,0.68,50.0,1.33,0.91,22.63106119023035,3.4367502096063545,0.3885267635387301,0.4269864040465588,0.3176774801187451
477,PNW,47.04,1.19,1.03,46.15,1.08,0.98,64.0,0.94,0.97,3.4427525953137557,2.11691123191157,0.9619525991698036,1.0653265660112399,1.1355347394860318
478,BEN,50.63,1.23,0.82,48.3,1.02,1.02,50.0,0.98,0.99,2.4380997504890316,0.7442109954560471,0.7919345241014839,0.7755698412854125,0.7635884929471579
479,FRT,50.0,0.98,0.73,53.03,0.88,0.97,34.62,1.09,1.01,6.655733417789628,1.5286228941460265,0.7256942163527103,0.7127072204281438,0.6934060613863832
480,NCLH,61.18,3.85,0.89,64.03,0.93,1.39,33.33,2.24,1.15,2.652354583925922,1.0792723029495699,0.7307521396556128,0.821094852102383,0.7619048225363562
481,XRAY,48.87,1.04,0.59,46.32,0.96,1.03,50.0,0.95,0.97,3.5103986645703062,1.2407040850120221,0.5734522689843232,0.5582371442100995,0.6215460077972466
482,IVZ,52.48,1.61,0.65,50.64,0.99,0.91,48.28,1.17,0.92,1.7600661954802712,0.8299713436899425,0.6540518291991623,0.6384204359817758,0.6264911508358165
483,FMC,50.17,1.37,0.56,51.85,1.23,0.5,72.0,1.18,1.02,26.94723919161907,3.7330089721948365,0.4653358549233675,0.4914126605141681,0.6630698540673331
484,PARA,63.12,3.31,0.33,65.69,1.06,0.77,48.28,2.18,0.77,3.7512902679746065,1.3382493822963615,0.39031769792190757,0.46202725598373656,0.4114977517524235
485,GNRC,60.13,3.37,0.35,52.27,0.93,1.17,42.86,1.5,0.98,13.888893603431331,4.936043556249762,0.38216697420424595,0.3677728324252405,0.33124549641013173
486,CMA,55.63,1.84,0.57,61.48,0.91,0.82,33.33,1.62,0.96,11.340554513590106,2.3609571474546094,0.5557359050447555,0.5358224838087985,0.4681817922851134
487,BIO,51.13,1.58,0.49,48.87,0.87,0.74,40.74,1.16,1.08,62.16655571547542,9.861419575795933,0.46321695050605305,0.41983221309352664,0.5237504980203934
488,HAS,56.27,1.84,0.5,50.0,0.88,0.77,45.83,1.18,1.08,7.305529176055174,1.2476263259145035,0.48681679218606677,0.4654541934580143,0.6352001857132097
489,ZION,57.05,2.35,0.64,61.54,0.95,0.84,44.0,1.64,1.01,8.350775950768767,1.9730432982305521,0.6067806922621866,0.5771151997008751,0.5476010363597753
490,WHR,56.81,1.99,0.46,54.96,1.03,0.8,55.56,1.29,0.93,13.22907590619901,4.493733937694634,0.45542237859714463,0.4587213342554747,0.5721802462688383
491,DVA,56.15,1.63,1.17,58.12,0.98,1.36,50.0,1.37,1.28,10.53020812692391,9.537073464939818,0.9520755801321811,0.9401161619788106,0.86463295927547
492,RL,52.53,1.79,1.42,44.19,1.03,1.26,57.14,0.95,1.23,8.40436888486716,19.452791614590012,1.409438649332328,1.089957303162294,0.9238946840010052
493,VFC,55.73,2.66,0.21,59.86,1.07,0.59,46.15,2.1,0.92,4.029284470798893,0.6767375435698669,0.20195353430986762,0.23442449482704708,0.22874867258508674
494,MHK,54.38,1.7,0.65,52.08,0.87,0.89,40.0,1.15,1.21,11.004574147816069,7.417802330229734,0.5843824814673597,0.48382471092193724,0.4892961519806192
495,GPS,57.76,2.49,1.12,60.32,0.97,1.72,45.45,1.81,1.03,3.6513581091747263,0.7187561855222553,1.0756032105229194,1.1420911352672247,0.5431635561201807
